model,year,price,mileage,engine_capacity,color,features_count,vehicle_age,tax_era,fuel_efficiency,is_popular_model,log_price,age_group,mileage_per_year,mileage_category,brand_age_interaction,is_premium_combo,engine_category,fuel_efficiency_enc,tax_era_enc,mileage_category_enc,engine_category_enc,brand_Benz,brand_Honda,brand_Hyundai,brand_KIA,brand_Mazda,brand_Mitsubishi,brand_Nissan,brand_Suzuki,brand_Toyota,fuel_type_Electric,fuel_type_Hybrid,fuel_type_Petrol,transmission_Manual,body_type_Hatchback,body_type_SUV,body_type_Sedan,body_type_Van,body_type_Wagon,condition_Used,seller_type_Individual,brand_category_Standard,location_Batticaloa,location_Colombo,location_Galle,location_Gampaha,location_Jaffna,location_Kalutara,location_Kandy,location_Kurunegala,location_Matara,location_Negombo,location_Ratnapura
Every,2012,619706.0,199879,1500,White,7,12,Low Tax Era,High,0,13.337002064674687,Old (8-12yr),16656.583333333332,Very High,0,0,Small,3,1,4,2,False,False,False,False,False,False,False,True,False,False,True,False,False,False,False,False,True,False,True,True,True,False,False,False,False,False,False,True,False,False,False,False
X3,2021,4364980.125,17433,3000,Silver,14,3,High Tax Era,Low,0,15.28912442307696,New (0-3yr),5811.0,Low,3,0,Large,1,3,1,4,False,False,False,False,False,False,False,False,False,False,False,True,False,True,False,False,False,False,True,True,False,False,False,False,False,False,False,True,False,False,False,False
530i,2016,3183433.0,75773,2000,White,18,8,Medium Tax Era,Low,0,14.973471046325455,Old (8-12yr),9471.625,Medium,8,0,Medium,1,2,2,3,False,False,False,False,False,False,False,False,False,False,False,True,False,False,True,False,False,False,False,True,False,False,False,False,False,False,False,False,False,False,True,False
Premio,2013,1281523.0,200174,1500,White,10,11,Low Tax Era,High,0,14.063560552663958,Old (8-12yr),18197.636363636364,Very High,0,0,Small,3,1,4,2,False,False,False,False,False,False,False,False,True,False,True,False,False,False,False,True,False,False,False,False,True,False,False,False,True,False,False,False,False,False,False,False
Insight,2021,3518571.0,21873,1800,Black,12,3,High Tax Era,Low,0,15.073565783444968,New (0-3yr),7291.0,Low,0,0,Medium,1,3,1,3,False,True,False,False,False,False,False,False,False,False,False,False,False,False,False,False,False,False,False,False,True,False,False,False,True,False,False,False,False,False,False,False
Juke,2019,2041246.0,52185,0,Green,5,5,Medium Tax Era,Very High,0,14.529071453578041,Mid (4-7yr),10437.0,Medium,0,0,Micro,4,2,2,1,False,False,False,False,False,False,True,False,False,True,False,False,False,False,False,False,False,True,True,True,True,False,False,False,False,False,False,False,False,True,False,False
Axio,2018,2542284.0,53986,1300,Silver,6,6,Medium Tax Era,High,1,14.748573840890703,Mid (4-7yr),8997.666666666666,Medium,0,0,Small,3,2,2,2,False,False,False,False,False,False,False,False,True,False,True,False,False,False,False,True,False,False,True,False,True,False,True,False,False,False,False,False,False,False,False,False
Spacia,2014,1053722.0,90965,2000,White,13,10,Low Tax Era,High,0,13.867840165194133,Old (8-12yr),9096.5,Medium,0,0,Medium,3,1,2,3,False,False,False,False,False,False,False,True,False,False,True,False,False,False,False,False,False,False,False,True,True,False,False,False,False,False,False,False,False,False,True,False
Axio,2009,632200.0,202096,2000,White,11,15,Low Tax Era,Low,1,13.356962660540322,Vintage (13+yr),13473.066666666668,Very High,0,0,Medium,1,1,4,3,False,False,False,False,False,False,False,False,True,False,False,True,False,False,False,True,False,False,True,False,True,False,False,False,False,False,False,True,False,False,False,False
Prius,2017,2379672.0,82557,1800,Blue,11,7,Medium Tax Era,High,1,14.682473641250123,Mid (4-7yr),11793.857142857143,Medium,0,0,Medium,3,2,2,3,False,False,False,False,False,False,False,False,True,False,True,False,True,False,False,False,True,False,True,True,True,False,False,False,False,False,False,False,False,False,False,False
Corolla,2019,2785431.0,95016,1500,White,19,5,Medium Tax Era,Low,0,14.83991353601076,Mid (4-7yr),19003.2,Medium,0,0,Small,1,2,2,2,False,False,False,False,False,False,False,False,True,False,False,False,False,False,False,True,False,False,True,True,True,False,True,False,False,False,False,False,False,False,False,False
Vezel,2018,2296965.0,94384,1800,White,21,6,Medium Tax Era,Low,1,14.647099679646145,Mid (4-7yr),15730.666666666666,Medium,0,0,Medium,1,2,2,3,False,False,False,False,False,False,False,False,True,False,False,True,False,False,True,False,False,False,True,True,True,False,False,False,False,False,False,True,False,False,False,False
X3,2010,1232301.0,170084,2400,Silver,15,14,Low Tax Era,Low,0,14.024394522906315,Vintage (13+yr),12148.857142857143,Very High,14,0,Large,1,1,4,4,False,False,False,False,False,False,False,False,False,False,False,True,False,False,False,False,False,True,True,True,False,True,False,False,False,False,False,False,False,False,False,False
Vitz,2015,1929668.0,92083,0,Black,20,9,Low Tax Era,Very High,0,14.472859043582144,Old (8-12yr),10231.444444444445,Medium,0,0,Micro,4,1,2,1,False,False,False,False,False,False,False,False,True,True,False,False,False,True,False,False,False,False,False,True,True,False,False,False,False,False,False,False,False,True,False,False
Vezel,2013,1237085.0,204249,1800,Blue,15,11,Low Tax Era,High,1,14.028269171997623,Old (8-12yr),18568.090909090908,Very High,0,1,Medium,3,1,4,3,False,True,False,False,False,False,False,False,False,False,True,False,False,False,True,False,False,False,False,True,True,False,False,False,True,False,False,False,False,False,False,False
CH-R,2017,2090470.0,100713,1300,Green,16,7,Medium Tax Era,Medium,0,14.552899957403177,Mid (4-7yr),14387.57142857143,High,0,0,Small,2,2,3,2,False,False,False,False,False,False,False,False,True,False,False,True,False,False,True,False,False,False,False,True,True,False,False,True,False,False,False,False,False,False,False,False
Sportage,2014,1116752.0,95151,1000,Silver,7,10,Low Tax Era,High,0,13.925935925577447,Old (8-12yr),9515.1,Medium,0,0,Small,3,1,2,2,False,False,False,True,False,False,False,False,False,False,True,False,True,False,False,False,True,False,True,False,True,False,True,False,False,False,False,False,False,False,False,False
i10,2008,500000.0,101357,2000,White,12,16,Low Tax Era,Low,0,13.122365377402328,Vintage (13+yr),6334.8125,High,0,0,Medium,1,1,3,3,False,False,True,False,False,False,False,False,False,False,False,True,False,False,False,True,False,False,True,True,True,False,True,False,False,False,False,False,False,False,False,False
Fit,2017,2069609.0,80818,2000,Black,5,7,Medium Tax Era,High,1,14.542870741693848,Mid (4-7yr),11545.42857142857,Medium,0,0,Medium,3,2,2,3,False,True,False,False,False,False,False,False,False,False,True,False,False,True,False,False,False,False,True,True,True,False,False,False,False,False,False,False,False,False,False,False
Every,2013,876530.0,125714,1000,Grey,13,11,Low Tax Era,High,0,13.683727350658668,Old (8-12yr),11428.545454545454,High,0,0,Small,3,1,3,2,False,False,False,False,False,False,False,True,False,False,True,False,True,False,False,False,True,False,False,True,True,False,False,False,False,False,False,True,False,False,False,False
Premio,2017,2637935.0,106235,2000,Black,14,7,Medium Tax Era,High,0,14.78550735116146,Mid (4-7yr),15176.42857142857,High,0,0,Medium,3,2,3,3,False,False,False,False,False,False,False,False,True,False,True,False,False,False,False,True,False,False,True,True,True,False,False,False,True,False,False,False,False,False,False,False
Accord,2010,772674.0,152991,1500,Red,20,14,Low Tax Era,Low,0,13.557613799315185,Vintage (13+yr),10927.92857142857,Very High,0,0,Small,1,1,4,2,False,True,False,False,False,False,False,False,False,False,False,True,False,True,False,False,False,False,False,False,True,False,False,False,False,False,False,False,False,False,False,True
Camry,2019,3741843.0,69592,1000,Black,18,5,Medium Tax Era,High,0,15.135089096010766,Mid (4-7yr),13918.4,Medium,0,0,Small,3,2,2,2,False,False,False,False,False,False,False,False,True,False,True,False,False,False,False,True,False,False,True,True,True,False,True,False,False,False,False,False,False,False,False,False
Prius,2011,802304.0,222038,1300,White,10,13,Low Tax Era,Medium,1,13.59524411380509,Vintage (13+yr),17079.846153846152,Very High,0,0,Small,2,1,4,2,False,False,False,False,False,False,False,False,True,False,False,True,False,False,False,False,False,False,True,True,True,False,False,False,False,False,False,False,True,False,False,False
Every,2016,1086699.0,59508,1800,Silver,12,8,Medium Tax Era,Low,0,13.898656139050942,Old (8-12yr),7438.5,Medium,0,0,Medium,1,2,2,3,False,False,False,False,False,False,False,True,False,False,False,True,True,False,False,False,True,False,False,True,True,False,True,False,False,False,False,False,False,False,False,False
X3,2018,3249429.0,113847,2400,Silver,5,6,Medium Tax Era,Low,0,14.993990154308856,Mid (4-7yr),18974.5,High,6,0,Large,1,2,3,4,False,False,False,False,False,False,False,False,False,False,False,True,False,False,False,False,False,True,True,True,False,False,True,False,False,False,False,False,False,False,False,False
Prius,2013,1337387.0,85237,2000,Silver,7,11,Low Tax Era,High,1,14.106229015928292,Old (8-12yr),7748.818181818182,Medium,0,1,Medium,3,1,2,3,False,False,False,False,False,False,False,False,True,False,True,False,False,False,False,True,False,False,False,False,True,False,False,False,False,False,False,False,False,False,True,False
Every,2011,596058.0,173468,1000,White,20,13,Low Tax Era,Medium,0,13.298094934436564,Vintage (13+yr),13343.692307692309,Very High,0,0,Small,2,1,4,2,False,False,False,False,False,False,False,True,False,False,False,True,False,False,False,False,True,False,True,True,True,True,False,False,False,False,False,False,False,False,False,False
Premio,2015,1923960.0,63049,0,Black,9,9,Low Tax Era,Very High,0,14.469896639732074,Old (8-12yr),7005.444444444444,Medium,0,0,Micro,4,1,2,1,False,False,False,False,False,False,False,False,True,True,False,False,True,False,False,True,False,False,True,False,True,False,True,False,False,False,False,False,False,False,False,False
Accord,2018,2405101.0,89115,1800,Blue,16,6,Medium Tax Era,High,0,14.693102872265062,Mid (4-7yr),14852.5,Medium,0,0,Medium,3,2,2,3,False,True,False,False,False,False,False,False,False,False,True,False,True,True,False,False,False,False,True,False,True,False,True,False,False,False,False,False,False,False,False,False
318i,2013,1608873.0,231836,2400,White,14,11,Low Tax Era,Low,0,14.291045113399159,Old (8-12yr),21076.0,Very High,11,0,Large,1,1,4,4,False,False,False,False,False,False,False,False,False,False,False,True,False,False,False,False,False,True,True,True,False,False,False,False,False,False,False,False,False,False,True,False
Outlander,2016,1643370.0,78513,1800,Black,7,8,Medium Tax Era,High,0,14.312260177980578,Old (8-12yr),9814.125,Medium,0,0,Medium,3,2,2,3,False,False,False,False,False,True,False,False,False,False,True,False,True,False,True,False,False,False,True,True,True,True,False,False,False,False,False,False,False,False,False,False
Alto,2013,686598.0,245983,660,White,21,11,Low Tax Era,Medium,1,13.439505703552586,Old (8-12yr),22362.090909090908,Very High,0,0,Micro,2,1,4,1,False,False,False,False,False,False,False,True,False,False,False,False,True,True,False,False,False,False,True,False,True,False,False,False,False,False,False,False,False,False,True,False
Wagon R,2014,939201.0,146234,660,Gold,24,10,Low Tax Era,Medium,1,13.752785857525593,Old (8-12yr),14623.4,High,0,1,Micro,2,1,3,1,False,False,False,False,False,False,False,True,False,False,False,True,False,True,False,False,False,False,False,True,True,False,True,False,False,False,False,False,False,False,False,False
Insight,2011,869156.0,182795,1800,Black,11,13,Low Tax Era,Low,0,13.675279055362966,Vintage (13+yr),14061.153846153846,Very High,0,0,Medium,1,1,4,3,False,True,False,False,False,False,False,False,False,False,False,True,False,False,False,False,False,True,False,True,True,False,False,False,False,False,False,False,False,False,False,True
Axio,2020,3331296.0,52098,1000,White,17,4,High Tax Era,High,1,15.018872275614774,Mid (4-7yr),13024.5,Medium,0,1,Small,3,3,2,2,False,False,False,False,False,False,False,False,True,False,True,False,True,False,False,True,False,False,False,True,True,False,False,False,False,False,False,False,True,False,False,False
Swift,2018,1599061.0,94693,0,Green,8,6,Medium Tax Era,Very High,1,14.284927765298287,Mid (4-7yr),15782.166666666666,Medium,0,0,Micro,4,2,2,1,False,False,False,False,False,False,False,True,False,True,False,False,False,True,False,False,False,False,True,False,True,False,False,False,False,False,False,False,False,True,False,False
Note,2019,1849398.0,66790,1500,White,13,5,Medium Tax Era,Low,0,14.430371279409622,Mid (4-7yr),13358.0,Medium,0,0,Small,1,2,2,2,False,False,False,False,False,False,True,False,False,False,False,False,True,False,False,False,False,True,True,True,True,False,False,False,False,False,False,True,False,False,False,False
Civic,2021,4222234.0,48982,1000,Gold,19,3,High Tax Era,High,0,15.25587516666565,New (0-3yr),16327.333333333334,Low,0,0,Small,3,3,1,2,False,True,False,False,False,False,False,False,False,False,True,False,False,False,False,True,False,False,True,True,True,True,False,False,False,False,False,False,False,False,False,False
Swift,2021,2546276.0,40826,1000,Silver,7,3,High Tax Era,High,1,14.750142850296093,New (0-3yr),13608.666666666666,Low,0,0,Small,3,3,1,2,False,False,False,False,False,False,False,True,False,False,True,False,False,True,False,False,False,False,True,False,True,False,False,False,True,False,False,False,False,False,False,False
Camry,2021,3880447.0,36447,2000,Black,22,3,High Tax Era,Low,0,15.171461168851536,New (0-3yr),12149.0,Low,0,0,Medium,1,3,1,3,False,False,False,False,False,False,False,False,True,False,False,False,False,False,False,True,False,False,True,True,True,False,True,False,False,False,False,False,False,False,False,False
Hustler,2022,2744551.0,55080,2000,Gold,23,2,High Tax Era,Low,0,14.825128413777469,New (0-3yr),27540.0,Medium,0,0,Medium,1,3,2,3,False,False,False,False,False,False,False,True,False,False,False,True,False,False,False,False,True,False,True,True,True,False,True,False,False,False,False,False,False,False,False,False
Grace,2010,875852.0,138141,1000,Black,21,14,Low Tax Era,Medium,0,13.682953547617975,Vintage (13+yr),9867.214285714286,High,0,0,Small,2,1,3,2,False,True,False,False,False,False,False,False,False,False,False,False,False,False,False,True,False,False,False,False,True,False,False,False,False,False,False,True,False,False,False,False
Swift,2011,518569.0,80404,1000,Silver,9,13,Low Tax Era,Medium,1,13.15883030236099,Vintage (13+yr),6184.923076923077,Medium,0,0,Small,2,1,2,2,False,False,False,False,False,False,False,True,False,False,False,True,True,True,False,False,False,False,True,False,True,False,False,False,False,False,False,False,False,False,False,True
Every,2016,944869.0,78765,1800,Black,12,8,Medium Tax Era,Low,0,13.758802630875225,Old (8-12yr),9845.625,Medium,0,0,Medium,1,2,2,3,False,False,False,False,False,False,False,True,False,False,False,True,False,False,False,False,True,False,True,False,True,False,False,False,False,False,False,False,False,False,True,False
Spacia,2019,2153714.0,72049,2000,White,19,5,Medium Tax Era,High,0,14.582704815966753,Mid (4-7yr),14409.8,Medium,0,0,Medium,3,2,2,3,False,False,False,False,False,False,False,True,False,False,True,False,False,False,False,False,False,False,False,True,True,False,False,False,False,False,False,True,False,False,False,False
Vezel,2013,1284407.0,161317,1300,Brown,24,11,Low Tax Era,High,1,14.065808469767322,Old (8-12yr),14665.181818181818,Very High,0,0,Small,3,1,4,2,False,True,False,False,False,False,False,False,False,False,True,False,True,False,True,False,False,False,True,True,True,False,False,False,True,False,False,False,False,False,False,False
Celerio,2015,1178799.0,110390,2000,White,9,9,Low Tax Era,High,0,13.980007529845677,Old (8-12yr),12265.555555555555,High,0,0,Medium,3,1,3,3,False,False,False,False,False,False,False,True,False,False,True,False,False,False,False,False,True,False,True,False,True,False,False,False,False,True,False,False,False,False,False,False
Every,2013,713719.0,223087,1500,White,7,11,Low Tax Era,Low,0,13.478246007545366,Old (8-12yr),20280.636363636364,Very High,0,0,Small,1,1,4,2,False,False,False,False,False,False,False,True,False,False,False,False,False,False,False,False,True,False,True,True,True,False,False,False,False,False,False,False,True,False,False,False
Ertiga,2012,552322.0,201465,1300,Black,16,12,Low Tax Era,Medium,0,13.22188829905623,Old (8-12yr),16788.75,Very High,0,0,Small,2,1,4,2,False,False,False,False,False,False,False,True,False,False,False,True,True,False,False,False,True,False,True,True,True,False,True,False,False,False,False,False,False,False,False,False
Spacia,2014,832717.0,103624,1500,Silver,24,10,Low Tax Era,Low,0,13.632450328418765,Old (8-12yr),10362.4,High,0,0,Small,1,1,3,2,False,False,False,False,False,False,False,True,False,False,False,True,False,False,False,False,False,True,True,True,True,False,False,False,False,True,False,False,False,False,False,False
Spacia,2013,818322.0,108699,2000,Grey,18,11,Low Tax Era,Low,0,13.615012403171681,Old (8-12yr),9881.727272727272,High,0,0,Medium,1,1,3,3,False,False,False,False,False,False,False,True,False,False,False,False,False,True,False,False,False,False,True,False,True,False,False,False,True,False,False,False,False,False,False,False
Prius,2016,1710773.0,74674,2000,White,16,8,Medium Tax Era,Low,1,14.352456457651018,Old (8-12yr),9334.25,Medium,0,0,Medium,1,2,2,3,False,False,False,False,False,False,False,False,True,False,False,True,False,False,False,False,True,False,True,True,True,False,False,False,True,False,False,False,False,False,False,False
Corolla,2018,2891102.0,113794,1800,Black,23,6,Medium Tax Era,High,0,14.877148648174273,Mid (4-7yr),18965.666666666668,High,0,0,Medium,3,2,3,3,False,False,False,False,False,False,False,False,True,False,True,False,False,False,False,True,False,False,True,False,True,False,False,False,False,False,False,False,True,False,False,False
Allion,2018,2410269.0,74529,2000,Black,20,6,Medium Tax Era,Low,0,14.69524933238661,Mid (4-7yr),12421.5,Medium,0,0,Medium,1,2,2,3,False,False,False,False,False,False,False,False,True,False,False,True,False,False,False,True,False,False,False,True,True,False,True,False,False,False,False,False,False,False,False,False
Vezel,2020,2773172.0,28046,2000,Gold,8,4,High Tax Era,Low,1,14.835502709958075,Mid (4-7yr),7011.5,Low,0,1,Medium,1,3,1,3,False,False,False,False,False,False,False,False,True,False,False,True,False,False,True,False,False,False,False,True,True,False,True,False,False,False,False,False,False,False,False,False
X1,2012,1924497.0,93234,2500,White,23,12,Low Tax Era,High,0,14.470175712474429,Old (8-12yr),7769.5,Medium,12,0,Large,3,1,2,4,False,False,False,False,False,False,False,False,False,False,True,False,True,True,False,False,False,False,True,True,False,False,False,False,False,False,False,False,False,False,False,True
Caravan,2011,672558.0,184537,1500,Black,14,13,Low Tax Era,Low,0,13.418845118951882,Vintage (13+yr),14195.153846153846,Very High,0,0,Small,1,1,4,2,False,False,False,False,False,False,True,False,False,False,False,False,False,False,False,False,True,False,False,False,True,False,False,False,True,False,False,False,False,False,False,False
Alto,2014,854185.0,245459,660,Red,21,10,Low Tax Era,Medium,1,13.657904247650883,Old (8-12yr),24545.9,Very High,0,0,Micro,2,1,4,1,False,False,False,False,False,False,False,True,False,False,False,True,False,True,False,False,False,False,True,False,True,False,False,False,False,False,False,True,False,False,False,False
March,2011,670427.0,219639,1000,Blue,12,13,Low Tax Era,Medium,0,13.415671593387616,Vintage (13+yr),16895.30769230769,Very High,0,0,Small,2,1,4,2,False,False,False,False,False,False,True,False,False,False,False,False,False,True,False,False,False,False,True,False,True,False,False,False,False,False,False,False,False,False,False,True
Caravan,2012,702741.0,166740,1300,Silver,12,12,Low Tax Era,Medium,0,13.462745104854818,Old (8-12yr),13895.0,Very High,0,0,Small,2,1,4,2,False,False,False,False,False,False,True,False,False,False,False,True,False,False,False,False,True,False,False,False,True,False,False,False,True,False,False,False,False,False,False,False
Swift,2017,1461680.0,111520,1000,White,12,7,Medium Tax Era,High,1,14.195097701229585,Mid (4-7yr),15931.42857142857,High,0,0,Small,3,2,3,2,False,False,False,False,False,False,False,True,False,False,True,False,False,True,False,False,False,False,True,True,True,False,False,False,True,False,False,False,False,False,False,False
Vitz,2014,1328543.0,163122,2000,Green,5,10,Low Tax Era,Low,0,14.099594163693766,Old (8-12yr),16312.2,Very High,0,0,Medium,1,1,4,3,False,False,False,False,False,False,False,False,True,False,False,False,False,True,False,False,False,False,True,False,True,False,False,False,False,False,False,False,False,False,False,True
Leaf,2009,564136.0,99029,1300,Black,24,15,Low Tax Era,Medium,0,13.24305240878429,Vintage (13+yr),6601.933333333333,Medium,0,0,Small,2,1,2,2,False,False,False,False,False,False,True,False,False,False,False,False,False,False,False,True,False,False,True,True,True,False,False,True,False,False,False,False,False,False,False,False
Mirage,2016,1708888.0,43756,1500,White,14,8,Medium Tax Era,High,0,14.351354009725057,Old (8-12yr),5469.5,Low,0,0,Small,3,2,1,2,False,False,False,False,False,True,False,False,False,False,True,False,False,False,False,False,True,False,True,True,True,False,False,False,True,False,False,False,False,False,False,False
CH-R,2016,2106625.0,116077,1300,Brown,8,8,Medium Tax Era,High,0,14.560598173471142,Old (8-12yr),14509.625,High,0,0,Small,3,2,3,2,False,False,False,False,False,False,False,False,True,False,True,False,True,False,True,False,False,False,True,False,True,False,True,False,False,False,False,False,False,False,False,False
Mirage,2018,1982607.0,92329,1000,Brown,5,6,Medium Tax Era,High,0,14.49992370767821,Mid (4-7yr),15388.166666666666,Medium,0,0,Small,3,2,2,2,False,False,False,False,False,True,False,False,False,False,True,False,False,False,False,False,False,False,True,False,True,False,True,False,False,False,False,False,False,False,False,False
E250,2012,2426827.0,197718,0,White,24,12,Low Tax Era,Very High,0,14.702095612811311,Old (8-12yr),16476.5,Very High,12,0,Micro,4,1,4,1,True,False,False,False,False,False,False,False,False,True,False,False,True,False,True,False,False,False,True,True,False,False,False,False,True,False,False,False,False,False,False,False
Vezel,2015,1607969.0,89688,1300,White,23,9,Low Tax Era,High,1,14.290483071830591,Old (8-12yr),9965.333333333334,Medium,0,0,Small,3,1,2,2,False,True,False,False,False,False,False,False,False,False,True,False,True,False,True,False,False,False,True,False,True,False,False,False,False,False,False,False,False,False,False,False
Civic,2015,1584426.0,86240,1300,Gold,21,9,Low Tax Era,Medium,0,14.275733385735924,Old (8-12yr),9582.222222222223,Medium,0,0,Small,2,1,2,2,False,True,False,False,False,False,False,False,False,False,False,False,False,False,False,True,False,False,True,True,True,False,False,False,False,False,False,False,False,False,True,False
CX-3,2012,1092178.0,231878,1500,Silver,20,12,Low Tax Era,High,0,13.903685341267588,Old (8-12yr),19323.166666666668,Very High,0,0,Small,3,1,4,2,False,False,False,False,True,False,False,False,False,False,True,False,False,False,True,False,False,False,False,True,True,False,False,False,True,False,False,False,False,False,False,False
Axio,2016,2181308.0,68865,1500,Gold,14,8,Medium Tax Era,High,1,14.595435713277666,Old (8-12yr),8608.125,Medium,0,0,Small,3,2,2,2,False,False,False,False,False,False,False,False,True,False,True,False,False,False,False,True,False,False,True,False,True,False,True,False,False,False,False,False,False,False,False,False
Civic,2019,2604647.0,66399,1000,Black,12,5,Medium Tax Era,High,0,14.772808099279354,Mid (4-7yr),13279.8,Medium,0,0,Small,3,2,2,2,False,True,False,False,False,False,False,False,False,False,True,False,False,False,False,True,False,False,True,True,True,False,False,False,True,False,False,False,False,False,False,False
Lancer,2020,2501482.0,35059,1500,White,22,4,High Tax Era,Low,0,14.732394313964857,Mid (4-7yr),8764.75,Low,0,0,Small,1,3,1,2,False,False,False,False,False,True,False,False,False,False,False,True,False,False,False,False,True,False,False,True,True,False,True,False,False,False,False,False,False,False,False,False
CH-R,2020,2788071.0,35079,1800,White,6,4,High Tax Era,Low,0,14.840860875493226,Mid (4-7yr),8769.75,Low,0,0,Medium,1,3,1,3,False,False,False,False,False,False,False,False,True,False,False,True,False,False,True,False,False,False,False,False,True,False,False,False,False,False,False,False,False,False,False,False
Allion,2017,2441952.0,118757,2000,White,14,7,Medium Tax Era,High,0,14.708308686948325,Mid (4-7yr),16965.285714285714,High,0,0,Medium,3,2,3,3,False,False,False,False,False,False,False,False,True,False,True,False,False,False,False,True,False,False,True,False,True,False,False,False,False,False,True,False,False,False,False,False
C180,2016,3589472.0,67856,3500,Green,17,8,Medium Tax Era,Low,0,15.093515953031396,Old (8-12yr),8482.0,Medium,8,0,Large,1,2,2,4,True,False,False,False,False,False,False,False,False,False,False,True,False,False,False,True,False,False,True,False,False,False,True,False,False,False,False,False,False,False,False,False
Freed,2021,3802033.0,41665,1000,White,10,3,High Tax Era,High,0,15.151046744652284,New (0-3yr),13888.333333333334,Low,0,0,Small,3,3,1,2,False,True,False,False,False,False,False,False,False,False,True,False,False,False,False,False,True,False,True,False,True,False,False,False,False,False,False,True,False,False,False,False
Corolla,2016,2140473.0,99052,1300,White,8,8,Medium Tax Era,High,0,14.57653785779867,Old (8-12yr),12381.5,Medium,0,0,Small,3,2,2,2,False,False,False,False,False,False,False,False,True,False,True,False,False,False,False,True,False,False,True,False,True,False,False,False,True,False,False,False,False,False,False,False
Vezel,2015,1678521.0,112355,1500,White,5,9,Low Tax Era,High,1,14.333424202257053,Old (8-12yr),12483.888888888889,High,0,1,Small,3,1,3,2,False,False,False,False,False,False,False,False,True,False,True,False,False,False,True,False,False,False,False,False,True,False,False,False,True,False,False,False,False,False,False,False
Swift,2017,1433917.0,55850,1500,White,21,7,Medium Tax Era,High,1,14.17592111580099,Mid (4-7yr),7978.571428571428,Medium,0,0,Small,3,2,2,2,False,False,False,False,False,False,False,True,False,False,True,False,True,True,False,False,False,False,True,True,True,False,False,False,False,False,False,False,False,False,False,True
March,2016,1503673.0,64354,1000,White,21,8,Medium Tax Era,High,0,14.223422004677944,Old (8-12yr),8044.25,Medium,0,0,Small,3,2,2,2,False,False,False,False,False,False,True,False,False,False,True,False,False,True,False,False,False,False,True,True,True,False,False,False,False,False,False,False,True,False,False,False
i10,2012,886387.0,212413,0,Green,22,12,Low Tax Era,Very High,0,13.694910056977381,Old (8-12yr),17701.083333333332,Very High,0,0,Micro,4,1,4,1,False,False,True,False,False,False,False,False,False,True,False,False,True,False,False,False,False,True,False,False,True,False,False,False,False,False,False,False,False,False,True,False
Camry,2010,681535.0,239007,1300,Silver,13,14,Low Tax Era,Medium,0,13.432104353375056,Vintage (13+yr),17071.928571428572,Very High,0,0,Small,2,1,4,2,False,False,False,False,False,False,False,False,True,False,False,False,True,False,False,True,False,False,True,True,True,False,False,False,False,False,False,False,False,False,False,False
CH-R,2019,2993094.0,76062,1300,Black,16,5,Medium Tax Era,High,0,14.911818527059475,Mid (4-7yr),15212.4,Medium,0,0,Small,3,2,2,2,False,False,False,False,False,False,False,False,True,False,True,False,False,False,True,False,False,False,True,False,True,False,False,False,False,False,False,False,True,False,False,False
Premio,2016,1982956.0,60662,1000,Black,17,8,Medium Tax Era,Medium,0,14.500099722950132,Old (8-12yr),7582.75,Medium,0,0,Small,2,2,2,2,False,False,False,False,False,False,False,False,True,False,False,False,False,False,False,True,False,False,True,False,True,False,False,False,False,False,False,False,False,False,True,False
CH-R,2016,1672536.0,106081,2000,White,21,8,Medium Tax Era,Low,0,14.329852193310822,Old (8-12yr),13260.125,High,0,0,Medium,1,2,3,3,False,False,False,False,False,False,False,False,True,False,False,True,True,False,True,False,False,False,True,True,True,False,False,False,False,False,True,False,False,False,False,False
Wagon R,2017,1253567.0,98606,1000,White,18,7,Medium Tax Era,Medium,1,14.041504443214414,Mid (4-7yr),14086.57142857143,Medium,0,0,Small,2,2,2,2,False,False,False,False,False,False,False,True,False,False,False,False,False,True,False,False,False,False,True,True,True,False,False,False,False,False,False,False,False,False,True,False
Demio,2013,979651.0,246472,1800,White,10,11,Low Tax Era,Low,0,13.79495268554228,Old (8-12yr),22406.545454545456,Very High,0,0,Medium,1,1,4,3,False,False,False,False,True,False,False,False,False,False,False,True,False,True,False,False,False,False,True,False,True,False,False,False,False,False,True,False,False,False,False,False
Picanto,2020,2141501.0,29561,1500,White,15,4,High Tax Era,Low,0,14.577018009961945,Mid (4-7yr),7390.25,Low,0,0,Small,1,3,1,2,False,False,False,True,False,False,False,False,False,False,False,True,True,False,False,False,True,False,False,False,True,False,True,False,False,False,False,False,False,False,False,False
Aqua,2021,3589289.0,29199,1000,White,7,3,High Tax Era,Medium,1,15.093464969317338,New (0-3yr),9733.0,Low,0,0,Small,2,3,1,2,False,False,False,False,False,False,False,False,True,False,False,False,False,True,False,False,False,False,True,True,True,False,False,False,False,False,False,False,True,False,False,False
Accord,2020,2515162.0,22906,1000,Black,13,4,High Tax Era,Medium,0,14.737848170549027,Mid (4-7yr),5726.5,Low,0,0,Small,2,3,1,2,False,True,False,False,False,False,False,False,False,False,False,True,False,False,False,True,False,False,False,True,True,False,False,False,False,True,False,False,False,False,False,False
Demio,2019,2808925.0,82520,1800,Black,10,5,Medium Tax Era,High,0,14.848312761844749,Mid (4-7yr),16504.0,Medium,0,0,Medium,3,2,2,3,False,False,False,False,True,False,False,False,False,False,True,False,False,True,False,False,False,False,True,False,True,False,False,False,True,False,False,False,False,False,False,False
Premio,2023,4364980.125,5733,2000,Black,17,1,High Tax Era,High,0,15.28912442307696,New (0-3yr),5733.0,Low,0,0,Medium,3,3,1,3,False,False,False,False,False,False,False,False,True,False,True,False,False,False,False,True,False,False,True,False,True,False,False,True,False,False,False,False,False,False,False,False
Atenza,2020,2659171.0,17139,1000,Silver,10,4,High Tax Era,High,0,14.79352535410528,Mid (4-7yr),4284.75,Low,0,0,Small,3,3,1,2,False,False,False,False,True,False,False,False,False,False,True,False,True,False,False,False,False,True,False,False,True,False,False,False,False,False,False,False,False,False,True,False
Cerato,2020,2421709.0,27713,1300,White,17,4,High Tax Era,Medium,0,14.699984460170702,Mid (4-7yr),6928.25,Low,0,0,Small,2,3,1,2,False,False,False,True,False,False,False,False,False,False,False,True,False,False,False,False,True,False,True,True,True,False,False,False,False,False,False,False,False,False,False,True
C180,2011,1623622.0,224059,2500,Black,19,13,Low Tax Era,Low,0,14.300170629897293,Vintage (13+yr),17235.30769230769,Very High,13,0,Large,1,1,4,4,True,False,False,False,False,False,False,False,False,False,False,True,True,False,False,False,False,False,True,False,False,False,False,False,False,False,False,True,False,False,False,False
Allion,2012,1495430.0,195953,0,White,22,12,Low Tax Era,Very High,0,14.217925017572485,Old (8-12yr),16329.416666666666,Very High,0,0,Micro,4,1,4,1,False,False,False,False,False,False,False,False,True,True,False,False,False,False,False,True,False,False,False,True,True,False,False,False,False,False,False,False,False,False,True,False
520d,2016,3104420.0,61427,2500,Silver,6,8,Medium Tax Era,High,0,14.948337782531432,Old (8-12yr),7678.375,Medium,8,0,Large,3,2,2,4,False,False,False,False,False,False,False,False,False,False,True,False,False,False,False,True,False,False,True,False,False,False,False,False,False,False,False,True,False,False,False,False
C180,2011,1578300.0,177768,3500,Silver,7,13,Low Tax Era,Low,0,14.271859509979913,Vintage (13+yr),13674.461538461539,Very High,13,0,Large,1,1,4,4,True,False,False,False,False,False,False,False,False,False,False,True,True,False,True,False,False,False,True,False,False,False,True,False,False,False,False,False,False,False,False,False
Premio,2020,3370301.0,43602,0,Red,6,4,High Tax Era,Very High,0,15.030512912556752,Mid (4-7yr),10900.5,Low,0,0,Micro,4,3,1,1,False,False,False,False,False,False,False,False,True,True,False,False,False,False,False,True,False,False,True,True,True,False,False,False,True,False,False,False,False,False,False,False
Corolla,2018,2931631.0,66385,1800,Red,18,6,Medium Tax Era,High,0,14.89106982251526,Mid (4-7yr),11064.166666666666,Medium,0,0,Medium,3,2,2,3,False,False,False,False,False,False,False,False,True,False,True,False,False,False,False,True,False,False,True,False,True,False,False,False,False,True,False,False,False,False,False,False
Premio,2021,4353039.0,30251,1000,White,6,3,High Tax Era,High,0,15.286385009557229,New (0-3yr),10083.666666666666,Low,0,0,Small,3,3,1,2,False,False,False,False,False,False,False,False,True,False,True,False,False,False,False,True,False,False,True,False,True,False,True,False,False,False,False,False,False,False,False,False
Aqua,2008,592588.0,237661,1500,White,23,16,Low Tax Era,Low,1,13.292256351681349,Vintage (13+yr),14853.8125,Very High,0,1,Small,1,1,4,2,False,False,False,False,False,False,False,False,True,False,False,True,False,True,False,False,False,False,False,False,True,False,False,False,False,True,False,False,False,False,False,False
Corolla,2017,2515214.0,114319,1000,Black,5,7,Medium Tax Era,High,0,14.7378688449397,Mid (4-7yr),16331.285714285714,High,0,0,Small,3,2,3,2,False,False,False,False,False,False,False,False,True,False,True,False,False,False,False,True,False,False,True,True,True,False,True,False,False,False,False,False,False,False,False,False
Allion,2015,1547342.0,92326,1300,White,15,9,Low Tax Era,Medium,0,14.25204982443609,Old (8-12yr),10258.444444444445,Medium,0,0,Small,2,1,2,2,False,False,False,False,False,False,False,False,True,False,False,True,False,False,False,True,False,False,False,True,True,False,True,False,False,False,False,False,False,False,False,False
Sportage,2021,2684505.0,41015,1300,White,24,3,High Tax Era,Medium,0,14.803007283895345,New (0-3yr),13671.666666666666,Low,0,0,Small,2,3,1,2,False,False,False,True,False,False,False,False,False,False,False,True,True,False,False,False,True,False,False,False,True,False,False,False,True,False,False,False,False,False,False,False
Freed,2016,2006350.0,96446,1500,Black,23,8,Medium Tax Era,High,0,14.51182820727244,Old (8-12yr),12055.75,Medium,0,0,Small,3,2,2,2,False,True,False,False,False,False,False,False,False,False,True,False,False,False,False,False,True,False,False,False,True,False,False,False,False,False,False,False,True,False,False,False
X3,2019,4364980.125,68380,2500,Green,13,5,Medium Tax Era,High,0,15.28912442307696,Mid (4-7yr),13676.0,Medium,5,0,Large,3,2,2,4,False,False,False,False,False,False,False,False,False,False,True,False,False,False,False,False,True,False,True,True,False,False,False,False,False,False,False,False,False,False,True,False
Axio,2018,2145555.0,56309,1800,Blue,9,6,Medium Tax Era,Low,1,14.578909284215012,Mid (4-7yr),9384.833333333334,Medium,0,0,Medium,1,2,2,3,False,False,False,False,False,False,False,False,True,False,False,True,False,False,False,True,False,False,True,True,True,True,False,False,False,False,False,False,False,False,False,False
Hustler,2016,1392744.0,44703,1300,White,23,8,Medium Tax Era,High,0,14.146787177856872,Old (8-12yr),5587.875,Low,0,0,Small,3,2,1,2,False,False,False,False,False,False,False,True,False,False,True,False,False,False,False,False,True,False,False,True,True,False,False,False,False,False,False,False,False,False,False,False
Swift,2017,1212919.0,97056,1300,Grey,17,7,Medium Tax Era,Medium,1,14.00854123356658,Mid (4-7yr),13865.142857142857,Medium,0,0,Small,2,2,2,2,False,False,False,False,False,False,False,True,False,False,False,True,False,True,False,False,False,False,True,True,True,True,False,False,False,False,False,False,False,False,False,False
Vezel,2017,1867769.0,109350,1000,Silver,16,7,Medium Tax Era,Medium,1,14.440255763851926,Mid (4-7yr),15621.42857142857,High,0,0,Small,2,2,3,2,False,False,False,False,False,False,False,False,True,False,False,True,False,False,True,False,False,False,True,True,True,False,False,False,False,True,False,False,False,False,False,False
530i,2013,2259443.0,124738,3500,Silver,16,11,Low Tax Era,Low,0,14.630629323282035,Old (8-12yr),11339.818181818182,High,11,0,Large,1,1,3,4,False,False,False,False,False,False,False,False,False,False,False,False,False,True,False,False,False,False,False,True,False,False,True,False,False,False,False,False,False,False,False,False
Allion,2015,1768292.0,75946,2000,Grey,10,9,Low Tax Era,High,0,14.385525232430924,Old (8-12yr),8438.444444444445,Medium,0,0,Medium,3,1,2,3,False,False,False,False,False,False,False,False,True,False,True,False,False,False,False,True,False,False,False,True,True,False,False,False,False,False,False,False,False,False,True,False
Prius,2022,4364980.125,15968,2000,White,21,2,High Tax Era,High,1,15.28912442307696,New (0-3yr),7984.0,Low,0,0,Medium,3,3,1,3,False,False,False,False,False,False,False,False,True,False,True,False,True,False,False,True,False,False,True,False,True,False,False,False,False,False,False,True,False,False,False,False
Civic,2022,4364980.125,16239,1000,Black,22,2,High Tax Era,High,0,15.28912442307696,New (0-3yr),8119.5,Low,0,0,Small,3,3,1,2,False,True,False,False,False,False,False,False,False,False,True,False,False,False,False,True,False,False,True,True,True,False,False,False,False,True,False,False,False,False,False,False
Celerio,2009,500000.0,112556,1800,White,19,15,Low Tax Era,Low,0,13.122365377402328,Vintage (13+yr),7503.733333333334,High,0,0,Medium,1,1,3,3,False,False,False,False,False,False,False,True,False,False,False,True,True,True,False,False,False,False,True,True,True,False,False,False,False,False,False,False,False,False,True,False
City,2022,4119171.0,37473,1300,Silver,23,2,High Tax Era,Medium,0,15.231162730254571,New (0-3yr),18736.5,Low,0,0,Small,2,3,1,2,False,True,False,False,False,False,False,False,False,False,False,True,False,False,False,True,False,False,True,False,True,False,False,False,False,False,True,False,False,False,False,False
Mirage,2017,1681770.0,48125,1000,Silver,13,7,Medium Tax Era,High,0,14.335357962802606,Mid (4-7yr),6875.0,Low,0,0,Small,3,2,1,2,False,False,False,False,False,True,False,False,False,False,True,False,True,False,False,True,False,False,True,False,True,False,False,False,False,True,False,False,False,False,False,False
Freed,2014,1215291.0,84114,1000,White,11,10,Low Tax Era,High,0,14.010494935100452,Old (8-12yr),8411.4,Medium,0,0,Small,3,1,2,2,False,True,False,False,False,False,False,False,False,False,True,False,True,False,False,False,True,False,True,True,True,False,False,False,False,True,False,False,False,False,False,False
Camry,2015,1464963.0,49108,1000,White,7,9,Low Tax Era,Medium,0,14.197341226752535,Old (8-12yr),5456.444444444444,Low,0,0,Small,2,1,1,2,False,False,False,False,False,False,False,False,True,False,False,False,False,False,False,True,False,False,True,True,True,False,False,False,True,False,False,False,False,False,False,False
Grace,2016,1784201.0,62612,1800,Black,9,8,Medium Tax Era,High,0,14.394481814411758,Old (8-12yr),7826.5,Medium,0,0,Medium,3,2,2,3,False,True,False,False,False,False,False,False,False,False,True,False,False,False,False,True,False,False,True,True,True,False,False,False,True,False,False,False,False,False,False,False
Swift,2019,2036488.0,99889,2000,Grey,8,5,Medium Tax Era,High,1,14.526737804632004,Mid (4-7yr),19977.8,Medium,0,0,Medium,3,2,2,3,False,False,False,False,False,False,False,True,False,False,True,False,False,True,False,False,False,False,True,False,True,False,True,False,False,False,False,False,False,False,False,False
Premio,2016,1713424.0,77650,2000,Black,20,8,Medium Tax Era,Low,0,14.354004849277585,Old (8-12yr),9706.25,Medium,0,0,Medium,1,2,2,3,False,False,False,False,False,False,False,False,True,False,False,True,False,False,False,True,False,False,True,False,True,False,False,False,True,False,False,False,False,False,False,False
March,2014,1243285.0,234243,1000,Red,21,10,Low Tax Era,High,0,14.033268432522124,Old (8-12yr),23424.3,Very High,0,0,Small,3,1,4,2,False,False,False,False,False,False,True,False,False,False,True,False,False,True,False,False,False,False,False,True,True,False,True,False,False,False,False,False,False,False,False,False
Allion,2015,2028167.0,52149,2000,Blue,13,9,Low Tax Era,High,0,14.522643480498834,Old (8-12yr),5794.333333333333,Medium,0,0,Medium,3,1,2,3,False,False,False,False,False,False,False,False,True,False,True,False,False,False,False,True,False,False,True,False,True,False,False,False,False,False,True,False,False,False,False,False
Accord,2015,1770451.0,115388,0,Blue,11,9,Low Tax Era,Very High,0,14.386745439180988,Old (8-12yr),12820.888888888889,High,0,0,Micro,4,1,3,1,False,True,False,False,False,False,False,False,False,True,False,False,False,False,False,True,False,False,True,True,True,False,False,False,False,False,False,False,False,False,False,True
Allion,2012,874572.0,207556,1300,White,7,12,Low Tax Era,Medium,0,13.681491046228999,Old (8-12yr),17296.333333333332,Very High,0,0,Small,2,1,4,2,False,False,False,False,False,False,False,False,True,False,False,True,True,False,False,True,False,False,True,True,True,False,False,True,False,False,False,False,False,False,False,False
Alto,2013,705366.0,87421,1000,Red,21,11,Low Tax Era,Medium,1,13.4664735137221,Old (8-12yr),7947.363636363636,Medium,0,1,Small,2,1,2,2,False,False,False,False,False,False,False,True,False,False,False,True,False,True,False,False,False,False,False,True,True,False,False,False,False,False,False,True,False,False,False,False
Axio,2017,2312082.0,73893,1800,White,10,7,Medium Tax Era,High,1,14.653659407784007,Mid (4-7yr),10556.142857142857,Medium,0,0,Medium,3,2,2,3,False,False,False,False,False,False,False,False,True,False,True,False,False,False,False,True,False,False,True,True,True,False,False,False,False,False,False,False,False,False,False,False
Aqua,2020,3277434.0,20051,2000,White,7,4,High Tax Era,High,1,15.002571662234162,Mid (4-7yr),5012.75,Low,0,0,Medium,3,3,1,3,False,False,False,False,False,False,False,False,True,False,True,False,False,True,False,False,False,False,True,False,True,False,False,False,False,False,False,False,True,False,False,False
Prius,2015,2141989.0,49686,1800,White,20,9,Low Tax Era,High,1,14.577245861444853,Old (8-12yr),5520.666666666667,Low,0,1,Medium,3,1,1,3,False,False,False,False,False,False,False,False,True,False,True,False,False,True,False,False,False,False,False,False,True,False,True,False,False,False,False,False,False,False,False,False
Celerio,2019,1576404.0,69328,1500,Green,12,5,Medium Tax Era,Low,0,14.270657496081768,Mid (4-7yr),13865.6,Medium,0,0,Small,1,2,2,2,False,False,False,False,False,False,False,True,False,False,False,False,True,False,False,False,False,False,True,True,True,False,False,False,True,False,False,False,False,False,False,False
Premio,2011,733156.0,201237,1000,White,8,13,Low Tax Era,Medium,0,13.50511514620115,Vintage (13+yr),15479.76923076923,Very High,0,0,Small,2,1,4,2,False,False,False,False,False,False,False,False,True,False,False,True,True,False,False,True,False,False,True,True,True,False,False,True,False,False,False,False,False,False,False,False
Prius,2015,2129384.0,75585,0,Grey,10,9,Low Tax Era,Very High,1,14.57134376360002,Old (8-12yr),8398.333333333334,Medium,0,1,Micro,4,1,2,1,False,False,False,False,False,False,False,False,True,True,False,False,False,False,True,False,False,False,False,False,True,False,False,False,True,False,False,False,False,False,False,False
Spacia,2017,1447404.0,101929,1300,Blue,20,7,Medium Tax Era,High,0,14.185282855878283,Mid (4-7yr),14561.285714285714,High,0,0,Small,3,2,3,2,False,False,False,False,False,False,False,True,False,False,True,False,False,False,False,False,False,True,True,False,True,False,False,False,False,True,False,False,False,False,False,False
Mirage,2009,542074.0,100609,1300,Brown,18,15,Low Tax Era,Medium,0,13.203159647232418,Vintage (13+yr),6707.266666666666,High,0,0,Small,2,1,3,2,False,False,False,False,False,True,False,False,False,False,False,True,True,True,False,False,False,False,False,False,True,False,True,False,False,False,False,False,False,False,False,False
Cerato,2014,1173747.0,246370,2000,Gold,16,10,Low Tax Era,Low,0,13.975712605562796,Old (8-12yr),24637.0,Very High,0,0,Medium,1,1,4,3,False,False,False,True,False,False,False,False,False,False,False,False,False,True,False,False,False,False,True,True,True,False,True,False,False,False,False,False,False,False,False,False
Every,2021,2187595.0,43179,2000,Black,9,3,High Tax Era,Low,0,14.598313781965242,New (0-3yr),14393.0,Low,0,0,Medium,1,3,1,3,False,False,False,False,False,False,False,True,False,False,False,False,False,False,False,False,True,False,True,True,True,False,False,False,False,False,False,False,True,False,False,False
Alto,2016,1057359.0,89841,660,Red,18,8,Medium Tax Era,Medium,1,13.871285793431689,Old (8-12yr),11230.125,Medium,0,0,Micro,2,2,2,1,False,False,False,False,False,False,False,True,False,False,False,True,False,True,False,False,False,False,True,True,True,False,True,False,False,False,False,False,False,False,False,False
Civic,2017,2346337.0,86851,0,Black,11,7,Medium Tax Era,Very High,0,14.668366372839062,Mid (4-7yr),12407.285714285714,Medium,0,0,Micro,4,2,2,1,False,True,False,False,False,False,False,False,False,True,False,False,False,False,False,True,False,False,True,False,True,False,False,False,True,False,False,False,False,False,False,False
ASX,2018,2215218.0,66715,2000,Black,10,6,Medium Tax Era,High,0,14.610861827905753,Mid (4-7yr),11119.166666666666,Medium,0,0,Medium,3,2,2,3,False,False,False,False,False,True,False,False,False,False,True,False,False,False,False,False,False,False,False,True,True,False,True,False,False,False,False,False,False,False,False,False
March,2012,810225.0,140428,660,Black,21,12,Low Tax Era,Medium,0,13.605068500077595,Old (8-12yr),11702.333333333334,High,0,0,Micro,2,1,3,1,False,False,False,False,False,False,True,False,False,False,False,True,False,True,False,False,False,False,True,True,True,False,True,False,False,False,False,False,False,False,False,False
Hustler,2013,939717.0,109300,1800,Grey,14,11,Low Tax Era,High,0,13.753335109237184,Old (8-12yr),9936.363636363636,High,0,0,Medium,3,1,3,3,False,False,False,False,False,False,False,True,False,False,True,False,False,False,False,False,True,False,False,False,True,False,False,False,False,False,False,False,False,True,False,False
Sportage,2011,714746.0,83191,1800,Red,15,13,Low Tax Era,Low,0,13.479683912903976,Vintage (13+yr),6399.307692307692,Medium,0,0,Medium,1,1,2,3,False,False,False,True,False,False,False,False,False,False,False,True,False,False,False,False,False,True,True,True,True,False,False,False,False,False,True,False,False,False,False,False
Spacia,2017,1323240.0,89230,2000,White,12,7,Medium Tax Era,High,0,14.095594588261246,Mid (4-7yr),12747.142857142857,Medium,0,0,Medium,3,2,2,3,False,False,False,False,False,False,False,True,False,False,True,False,False,False,True,False,False,False,True,True,True,True,False,False,False,False,False,False,False,False,False,False
Tiida,2019,2305179.0,116816,0,Gold,23,5,Medium Tax Era,Very High,0,14.650669322470225,Mid (4-7yr),23363.2,High,0,0,Micro,4,2,3,1,False,False,False,False,False,False,True,False,False,True,False,False,False,True,False,False,False,False,True,False,True,True,False,False,False,False,False,False,False,False,False,False
Premio,2017,1978674.0,116295,1800,Green,19,7,Medium Tax Era,Low,0,14.497937986742672,Mid (4-7yr),16613.571428571428,High,0,0,Medium,1,2,3,3,False,False,False,False,False,False,False,False,True,False,False,True,False,False,False,True,False,False,False,True,True,False,False,False,False,False,False,False,False,False,False,True
Allion,2019,3181059.0,99560,0,Black,6,5,Medium Tax Era,Very High,0,14.97272503254648,Mid (4-7yr),19912.0,Medium,0,0,Micro,4,2,2,1,False,False,False,False,False,False,False,False,True,True,False,False,False,False,False,True,False,False,False,True,True,False,False,False,True,False,False,False,False,False,False,False
City,2016,2245244.0,100703,1000,Black,22,8,Medium Tax Era,High,0,14.624325204607212,Old (8-12yr),12587.875,High,0,0,Small,3,2,3,2,False,True,False,False,False,False,False,False,False,False,True,False,False,True,False,False,False,False,True,True,True,False,False,False,True,False,False,False,False,False,False,False
Premio,2018,2792067.0,104946,1500,White,19,6,Medium Tax Era,High,0,14.842293097868675,Mid (4-7yr),17491.0,High,0,0,Small,3,2,3,2,False,False,False,False,False,False,False,False,True,False,True,False,False,False,False,True,False,False,False,False,True,False,False,False,True,False,False,False,False,False,False,False
Tiida,2022,3176221.0,48069,1800,Black,17,2,High Tax Era,High,0,14.971202998150657,New (0-3yr),24034.5,Low,0,0,Medium,3,3,1,3,False,False,False,False,False,False,True,False,False,False,True,False,False,False,True,False,False,False,True,True,True,False,False,False,False,False,False,False,False,False,False,True
Allion,2019,3244379.0,84638,1800,Black,23,5,Medium Tax Era,High,0,14.99243482669132,Mid (4-7yr),16927.6,Medium,0,0,Medium,3,2,2,3,False,False,False,False,False,False,False,False,True,False,True,False,False,False,False,True,False,False,False,False,True,False,False,True,False,False,False,False,False,False,False,False
Corolla,2019,2749009.0,69806,1000,White,14,5,Medium Tax Era,Medium,0,14.826751404827197,Mid (4-7yr),13961.2,Medium,0,0,Small,2,2,2,2,False,False,False,False,False,False,False,False,True,False,False,True,False,False,False,True,False,False,False,True,True,False,False,False,False,False,False,False,False,False,False,False
Premio,2018,2391267.0,119578,2000,Blue,16,6,Medium Tax Era,Low,0,14.687334327152074,Mid (4-7yr),19929.666666666668,High,0,0,Medium,1,2,3,3,False,False,False,False,False,False,False,False,True,False,False,True,False,False,False,True,False,False,True,False,True,False,False,True,False,False,False,False,False,False,False,False
Prius,2019,2419022.0,55379,1500,Red,7,5,Medium Tax Era,Low,1,14.698874297608146,Mid (4-7yr),11075.8,Medium,0,0,Small,1,2,2,2,False,False,False,False,False,False,False,False,True,False,False,False,False,False,False,False,False,True,True,False,True,False,False,False,True,False,False,False,False,False,False,False
Freed,2018,2359263.0,99796,1800,Black,18,6,Medium Tax Era,Low,0,14.673860263955197,Mid (4-7yr),16632.666666666668,Medium,0,0,Medium,1,2,2,3,False,True,False,False,False,False,False,False,False,False,False,True,False,False,False,False,True,False,False,False,True,False,True,False,False,False,False,False,False,False,False,False
Camry,2017,2545092.0,76727,1300,Silver,23,7,Medium Tax Era,High,0,14.749677749538794,Mid (4-7yr),10961.0,Medium,0,0,Small,3,2,2,2,False,False,False,False,False,False,False,False,True,False,True,False,False,False,False,True,False,False,True,True,True,False,True,False,False,False,False,False,False,False,False,False
Camry,2018,2768839.0,83934,2000,White,24,6,Medium Tax Era,High,0,14.833939017890627,Mid (4-7yr),13989.0,Medium,0,0,Medium,3,2,2,3,False,False,False,False,False,False,False,False,True,False,True,False,False,False,False,True,False,False,True,True,True,False,False,False,True,False,False,False,False,False,False,False
Lancer,2018,2556259.0,61621,1800,Blue,15,6,Medium Tax Era,High,0,14.754055810746037,Mid (4-7yr),10270.166666666666,Medium,0,0,Medium,3,2,2,3,False,False,False,False,False,True,False,False,False,False,True,False,False,False,False,False,True,False,False,True,True,False,True,False,False,False,False,False,False,False,False,False
Accent,2012,762426.0,219401,1000,White,23,12,Low Tax Era,Medium,0,13.544262045175639,Old (8-12yr),18283.416666666668,Very High,0,0,Small,2,1,4,2,False,False,True,False,False,False,False,False,False,False,False,False,False,False,False,False,False,False,False,True,True,False,False,False,True,False,False,False,False,False,False,False
Swift,2015,943568.0,47999,1300,White,11,9,Low Tax Era,Medium,1,13.757424773072216,Old (8-12yr),5333.222222222223,Low,0,1,Small,2,1,1,2,False,False,False,False,False,False,False,True,False,False,False,True,False,True,False,False,False,False,False,False,True,False,False,False,False,False,False,False,False,False,True,False
Wagon R,2008,500000.0,205736,660,White,16,16,Low Tax Era,Medium,1,13.122365377402328,Vintage (13+yr),12858.5,Very High,0,1,Micro,2,1,4,1,False,False,False,False,False,False,False,True,False,False,False,True,False,True,False,False,False,False,False,False,True,False,False,False,False,False,False,False,True,False,False,False
CH-R,2013,1261256.0,99675,1300,Grey,15,11,Low Tax Era,High,0,14.047619400684109,Old (8-12yr),9061.363636363636,Medium,0,0,Small,3,1,2,2,False,False,False,False,False,False,False,False,True,False,True,False,True,False,True,False,False,False,False,True,True,False,False,False,True,False,False,False,False,False,False,False
Sportage,2014,1196966.0,97073,1300,White,16,10,Low Tax Era,Medium,0,13.995301415237774,Old (8-12yr),9707.3,Medium,0,0,Small,2,1,2,2,False,False,False,True,False,False,False,False,False,False,False,False,False,False,True,False,False,False,False,False,True,False,False,True,False,False,False,False,False,False,False,False
Insight,2022,3663274.0,43228,1000,White,5,2,High Tax Era,High,0,15.113868114018034,New (0-3yr),21614.0,Low,0,0,Small,3,3,1,2,False,True,False,False,False,False,False,False,False,False,True,False,False,False,True,False,False,False,True,False,True,False,False,False,False,False,True,False,False,False,False,False
Camry,2010,805206.0,244437,2000,Red,21,14,Low Tax Era,Low,0,13.598854666202286,Vintage (13+yr),17459.785714285714,Very High,0,0,Medium,1,1,4,3,False,False,False,False,False,False,False,False,True,False,False,True,False,False,False,True,False,False,True,True,True,False,False,False,False,False,False,True,False,False,False,False
Vitz,2020,2872491.0,28140,1000,Silver,16,4,High Tax Era,Medium,0,14.870690503670708,Mid (4-7yr),7035.0,Low,0,0,Small,2,3,1,2,False,False,False,False,False,False,False,False,True,False,False,True,False,True,False,False,False,False,False,True,True,False,False,False,False,False,False,True,False,False,False,False
Hustler,2015,1000016.0,56994,2000,White,12,9,Low Tax Era,Low,0,13.815527557819776,Old (8-12yr),6332.666666666667,Medium,0,0,Medium,1,1,2,3,False,False,False,False,False,False,False,True,False,False,False,True,False,False,False,False,True,False,True,False,True,False,False,False,False,False,False,False,False,False,False,True
CX-5,2013,1062915.0,107624,1000,Brown,5,11,Low Tax Era,High,0,13.876526632564834,Old (8-12yr),9784.0,High,0,0,Small,3,1,3,2,False,False,False,False,True,False,False,False,False,False,True,False,True,False,True,False,False,False,True,True,True,False,True,False,False,False,False,False,False,False,False,False
Pajero,2016,1345388.0,91578,1500,Red,8,8,Medium Tax Era,Low,0,14.112193748533084,Old (8-12yr),11447.25,Medium,0,0,Small,1,2,2,2,False,False,False,False,False,True,False,False,False,False,False,False,False,False,True,False,False,False,True,True,True,False,False,True,False,False,False,False,False,False,False,False
Corolla,2015,1969828.0,107821,1800,Black,22,9,Low Tax Era,High,0,14.4934572949162,Old (8-12yr),11980.111111111111,High,0,0,Medium,3,1,3,3,False,False,False,False,False,False,False,False,True,False,True,False,False,False,False,True,False,False,True,False,True,False,True,False,False,False,False,False,False,False,False,False
Hustler,2013,715116.0,169087,1500,Grey,16,11,Low Tax Era,Low,0,13.480201444652812,Old (8-12yr),15371.545454545454,Very High,0,0,Small,1,1,4,2,False,False,False,False,False,False,False,True,False,False,False,False,True,False,False,False,False,True,True,True,True,False,False,False,False,False,False,False,True,False,False,False
Aqua,2015,1505789.0,82870,1300,White,9,9,Low Tax Era,Medium,1,14.224828235387928,Old (8-12yr),9207.777777777777,Medium,0,0,Small,2,1,2,2,False,False,False,False,False,False,False,False,True,False,False,True,False,True,False,False,False,False,True,True,True,False,False,False,False,False,False,False,False,False,False,False
Wagon R,2019,1755945.0,64217,660,White,16,5,Medium Tax Era,Medium,1,14.378518300995927,Mid (4-7yr),12843.4,Medium,0,0,Micro,2,2,2,1,False,False,False,False,False,False,False,True,False,False,False,True,False,True,False,False,False,False,True,False,True,False,False,False,True,False,False,False,False,False,False,False
Rio,2016,1231655.0,83732,1800,White,5,8,Medium Tax Era,Low,0,14.023870163307002,Old (8-12yr),10466.5,Medium,0,0,Medium,1,2,2,3,False,False,False,True,False,False,False,False,False,False,False,True,False,False,False,False,True,False,True,True,True,False,True,False,False,False,False,False,False,False,False,False
Corolla,2018,3268388.0,69009,1000,Silver,24,6,Medium Tax Era,High,0,14.999807760925895,Mid (4-7yr),11501.5,Medium,0,0,Small,3,2,2,2,False,False,False,False,False,False,False,False,True,False,True,False,False,False,False,True,False,False,False,False,True,False,False,False,False,False,False,True,False,False,False,False
Axio,2018,2901256.0,40155,1800,Silver,8,6,Medium Tax Era,High,1,14.880654649320997,Mid (4-7yr),6692.5,Low,0,0,Medium,3,2,1,3,False,False,False,False,False,False,False,False,True,False,True,False,False,False,False,True,False,False,True,True,True,False,False,False,False,False,False,False,False,True,False,False
Premio,2009,669170.0,189869,1000,White,5,15,Low Tax Era,Medium,0,13.413794911830042,Vintage (13+yr),12657.933333333332,Very High,0,0,Small,2,1,4,2,False,False,False,False,False,False,False,False,True,False,False,False,True,False,False,True,False,False,False,False,True,False,False,False,False,False,False,False,False,False,False,True
Prius,2016,2169055.0,42597,1500,White,18,8,Medium Tax Era,Low,1,14.589802607825193,Old (8-12yr),5324.625,Low,0,1,Small,1,2,1,2,False,False,False,False,False,False,False,False,True,False,False,True,False,False,True,False,False,False,False,True,True,False,True,False,False,False,False,False,False,False,False,False
Corolla,2014,1928067.0,95282,1800,White,23,10,Low Tax Era,High,0,14.47202902324021,Old (8-12yr),9528.2,Medium,0,0,Medium,3,1,2,3,False,False,False,False,False,False,False,False,True,False,True,False,False,False,False,True,False,False,True,False,True,True,False,False,False,False,False,False,False,False,False,False
Vitz,2011,928547.0,242727,1000,White,18,13,Low Tax Era,Medium,0,13.74137735472302,Vintage (13+yr),18671.30769230769,Very High,0,0,Small,2,1,4,2,False,False,False,False,False,False,False,False,True,False,False,True,False,True,False,False,False,False,True,False,True,False,False,False,True,False,False,False,False,False,False,False
Allion,2020,3606783.0,29849,1000,Blue,20,4,High Tax Era,High,0,15.09832707453284,Mid (4-7yr),7462.25,Low,0,0,Small,3,3,1,2,False,False,False,False,False,False,False,False,True,False,True,False,False,False,False,True,False,False,False,True,True,False,False,False,False,False,False,False,True,False,False,False
Accord,2019,3010460.0,107028,1800,Brown,8,5,Medium Tax Era,High,0,14.917603781144033,Mid (4-7yr),21405.6,High,0,0,Medium,3,2,3,3,False,True,False,False,False,False,False,False,False,False,True,False,False,False,False,False,False,True,True,True,True,False,True,False,False,False,False,False,False,False,False,False
Aqua,2009,675533.0,112174,1000,Gold,10,15,Low Tax Era,Medium,1,13.423258768202325,Vintage (13+yr),7478.266666666666,High,0,0,Small,2,1,3,2,False,False,False,False,False,False,False,False,True,False,False,True,True,True,False,False,False,False,True,True,True,False,True,False,False,False,False,False,False,False,False,False
Caravan,2018,1617859.0,83355,2000,Black,13,6,Medium Tax Era,Low,0,14.296614846280914,Mid (4-7yr),13892.5,Medium,0,0,Medium,1,2,2,3,False,False,False,False,False,False,True,False,False,False,False,True,False,False,False,False,True,False,False,True,True,False,False,False,True,False,False,False,False,False,False,False
Freed,2020,3131542.0,43369,1300,Black,17,4,High Tax Era,Medium,0,14.957036412291936,Mid (4-7yr),10842.25,Low,0,0,Small,2,3,1,2,False,True,False,False,False,False,False,False,False,False,False,False,False,False,False,False,True,False,False,True,True,False,True,False,False,False,False,False,False,False,False,False
Axio,2016,1897007.0,103315,1000,White,11,8,Medium Tax Era,Medium,1,14.455788466093288,Old (8-12yr),12914.375,High,0,0,Small,2,2,3,2,False,False,False,False,False,False,False,False,True,False,False,True,False,False,False,True,False,False,True,True,True,False,True,False,False,False,False,False,False,False,False,False
Freed,2015,1747943.0,105333,0,White,11,9,Low Tax Era,Very High,0,14.373950798071162,Old (8-12yr),11703.666666666666,High,0,0,Micro,4,1,3,1,False,True,False,False,False,False,False,False,False,True,False,False,False,False,False,False,True,False,True,True,True,False,False,False,False,False,False,False,True,False,False,False
Axio,2016,1805777.0,99518,1800,White,20,8,Medium Tax Era,Low,1,14.406502081815304,Old (8-12yr),12439.75,Medium,0,1,Medium,1,2,2,3,False,False,False,False,False,False,False,False,True,False,False,True,False,False,False,True,False,False,False,False,True,False,False,False,False,False,False,False,False,False,False,False
Caravan,2019,2206690.0,77383,2000,White,8,5,Medium Tax Era,High,0,14.607004666374614,Mid (4-7yr),15476.6,Medium,0,0,Medium,3,2,2,3,False,False,False,False,False,False,True,False,False,False,True,False,False,False,False,False,True,False,False,False,True,False,True,False,False,False,False,False,False,False,False,False
Alto,2011,516927.0,114542,660,Black,13,13,Low Tax Era,Medium,1,13.155658878801969,Vintage (13+yr),8810.923076923076,High,0,0,Micro,2,1,3,1,False,False,False,False,False,False,False,True,False,False,False,True,True,True,False,False,False,False,True,False,True,False,False,False,True,False,False,False,False,False,False,False
Cerato,2008,609535.0,150194,1800,White,20,16,Low Tax Era,Low,0,13.320453290966425,Vintage (13+yr),9387.125,Very High,0,0,Medium,1,1,4,3,False,False,False,True,False,False,False,False,False,False,False,False,False,False,True,False,False,False,False,False,True,False,True,False,False,False,False,False,False,False,False,False
Outlander,2015,1635070.0,42282,1300,Black,10,9,Low Tax Era,High,0,14.307196786447102,Old (8-12yr),4698.0,Low,0,0,Small,3,1,1,2,False,False,False,False,False,True,False,False,False,False,True,False,False,False,True,False,False,False,False,True,True,False,False,False,False,False,False,False,False,True,False,False
Grace,2015,1626748.0,76268,1300,Black,16,9,Low Tax Era,Medium,0,14.302094102634435,Old (8-12yr),8474.222222222223,Medium,0,0,Small,2,1,2,2,False,True,False,False,False,False,False,False,False,False,False,True,False,False,False,True,False,False,True,True,True,False,True,False,False,False,False,False,False,False,False,False
Ertiga,2020,1982962.0,25233,1800,Silver,9,4,High Tax Era,Low,0,14.500102748729775,Mid (4-7yr),6308.25,Low,0,0,Medium,1,3,1,3,False,False,False,False,False,False,False,True,False,False,False,False,False,False,False,True,False,False,True,True,True,False,False,True,False,False,False,False,False,False,False,False
Allion,2014,1513706.0,197961,1500,White,9,10,Low Tax Era,High,0,14.230072167170167,Old (8-12yr),19796.1,Very High,0,0,Small,3,1,4,2,False,False,False,False,False,False,False,False,True,False,True,False,False,False,False,True,False,False,True,False,True,False,False,False,False,False,False,False,False,True,False,False
CX-5,2017,1960953.0,57438,2000,White,18,7,Medium Tax Era,High,0,14.48894164748367,Mid (4-7yr),8205.42857142857,Medium,0,0,Medium,3,2,2,3,False,False,False,False,True,False,False,False,False,False,True,False,False,False,True,False,False,False,True,True,True,True,False,False,False,False,False,False,False,False,False,False
Alto,2015,1168950.0,58693,800,Black,7,9,Low Tax Era,High,1,13.971617323408033,Old (8-12yr),6521.444444444444,Medium,0,0,Small,3,1,2,2,False,False,False,False,False,False,False,True,False,False,True,False,False,True,False,False,False,False,True,True,True,False,False,False,False,False,False,False,False,True,False,False
Civic,2017,1682317.0,65372,1800,Green,13,7,Medium Tax Era,Low,0,14.335683162287411,Mid (4-7yr),9338.857142857143,Medium,0,0,Medium,1,2,2,3,False,True,False,False,False,False,False,False,False,False,False,True,True,False,False,True,False,False,True,False,True,True,False,False,False,False,False,False,False,False,False,False
Spacia,2013,698896.0,130098,2000,White,15,11,Low Tax Era,Low,0,13.457258656996428,Old (8-12yr),11827.09090909091,High,0,0,Medium,1,1,3,3,False,False,False,False,False,False,False,True,False,False,False,False,True,False,True,False,False,False,True,False,True,False,False,True,False,False,False,False,False,False,False,False
Vezel,2023,4364980.125,5504,1500,White,23,1,High Tax Era,High,1,15.28912442307696,New (0-3yr),5504.0,Low,0,0,Small,3,3,1,2,False,False,False,False,False,False,False,False,True,False,True,False,False,False,True,False,False,False,True,True,True,False,False,False,False,False,False,False,False,False,True,False
Hustler,2020,2240344.0,50428,1500,White,15,4,High Tax Era,High,0,14.622140429828834,Mid (4-7yr),12607.0,Medium,0,0,Small,3,3,2,2,False,False,False,False,False,False,False,True,False,False,True,False,False,False,False,False,False,True,True,True,True,False,False,False,True,False,False,False,False,False,False,False
Vezel,2014,1104820.0,146093,1500,Grey,8,10,Low Tax Era,Low,1,13.915193888861813,Old (8-12yr),14609.3,High,0,0,Small,1,1,3,2,False,False,False,False,False,False,False,False,True,False,False,True,True,False,True,False,False,False,True,True,True,True,False,False,False,False,False,False,False,False,False,False
Vezel,2016,2412760.0,91098,1300,Black,19,8,Medium Tax Era,High,1,14.696282292872034,Old (8-12yr),11387.25,Medium,0,1,Small,3,2,2,2,False,False,False,False,False,False,False,False,True,False,True,False,False,False,True,False,False,False,False,True,True,False,False,False,False,False,False,False,False,False,False,False
Insight,2016,1596583.0,88456,1000,White,9,8,Medium Tax Era,Medium,0,14.28337690484837,Old (8-12yr),11057.0,Medium,0,0,Small,2,2,2,2,False,True,False,False,False,False,False,False,False,False,False,True,False,False,False,True,False,False,True,True,True,False,True,False,False,False,False,False,False,False,False,False
City,2018,2548964.0,67103,0,Black,6,6,Medium Tax Era,Very High,0,14.75119795238913,Mid (4-7yr),11183.833333333334,Medium,0,0,Micro,4,2,2,1,False,True,False,False,False,False,False,False,False,True,False,False,False,False,True,False,False,False,False,True,True,False,True,False,False,False,False,False,False,False,False,False
X-Trail,2021,3127838.0,42810,0,Red,9,3,High Tax Era,Very High,0,14.955852908734448,New (0-3yr),14270.0,Low,0,0,Micro,4,3,1,1,False,False,False,False,False,False,True,False,False,True,False,False,False,False,True,False,False,False,False,True,True,False,False,False,True,False,False,False,False,False,False,False
Vezel,2021,3794884.0,22295,1500,White,8,3,High Tax Era,High,1,15.149164665322418,New (0-3yr),7431.666666666667,Low,0,0,Small,3,3,1,2,False,False,False,False,False,False,False,False,True,False,True,False,True,False,True,False,False,False,True,True,True,False,True,False,False,False,False,False,False,False,False,False
Axio,2017,2520033.0,81869,1300,Silver,21,7,Medium Tax Era,High,1,14.73978295146008,Mid (4-7yr),11695.57142857143,Medium,0,0,Small,3,2,2,2,False,False,False,False,False,False,False,False,True,False,True,False,True,False,False,True,False,False,True,False,True,False,True,False,False,False,False,False,False,False,False,False
ASX,2010,634178.0,191041,1800,Black,11,14,Low Tax Era,Low,0,13.360086527955369,Vintage (13+yr),13645.785714285714,Very High,0,0,Medium,1,1,4,3,False,False,False,False,False,True,False,False,False,False,False,False,False,True,False,False,False,False,True,False,True,False,False,False,False,False,False,False,False,True,False,False
Corolla,2013,1467558.0,246668,1000,Grey,14,11,Low Tax Era,High,0,14.199111034305513,Old (8-12yr),22424.363636363636,Very High,0,0,Small,3,1,4,2,False,False,False,False,False,False,False,False,True,False,True,False,False,False,False,True,False,False,False,False,True,False,True,False,False,False,False,False,False,False,False,False
Civic,2017,1722880.0,52145,1800,White,12,7,Medium Tax Era,Low,0,14.359508447541645,Mid (4-7yr),7449.285714285715,Medium,0,0,Medium,1,2,2,3,False,True,False,False,False,False,False,False,False,False,False,True,False,False,False,True,False,False,True,False,True,False,False,False,True,False,False,False,False,False,False,False
Spacia,2020,2438368.0,22927,1800,White,10,4,High Tax Era,High,0,14.706839931139056,Mid (4-7yr),5731.75,Low,0,0,Medium,3,3,1,3,False,False,False,False,False,False,False,True,False,False,True,False,False,False,False,True,False,False,True,True,True,False,True,False,False,False,False,False,False,False,False,False
Accord,2008,593856.0,160811,1500,White,8,16,Low Tax Era,Low,0,13.294393828621338,Vintage (13+yr),10050.6875,Very High,0,0,Small,1,1,4,2,False,True,False,False,False,False,False,False,False,False,False,False,False,False,False,True,False,False,True,False,True,False,False,False,True,False,False,False,False,False,False,False
Santa Fe,2020,2221521.0,59452,2000,White,15,4,High Tax Era,Low,0,14.613703104527609,Mid (4-7yr),14863.0,Medium,0,0,Medium,1,3,2,3,False,False,True,False,False,False,False,False,False,False,False,True,False,False,False,True,False,False,False,False,True,False,False,False,False,True,False,False,False,False,False,False
X3,2011,1575188.0,173635,3500,Black,20,13,Low Tax Era,Low,0,14.269885823042447,Vintage (13+yr),13356.538461538461,Very High,13,0,Large,1,1,4,4,False,False,False,False,False,False,False,False,False,False,False,False,False,False,False,False,True,False,False,True,False,False,False,False,False,False,False,False,True,False,False,False
Atenza,2016,1337079.0,45355,2000,Black,10,8,Medium Tax Era,Low,0,14.105998689746517,Old (8-12yr),5669.375,Low,0,0,Medium,1,2,1,3,False,False,False,False,True,False,False,False,False,False,False,True,True,True,False,False,False,False,True,False,True,False,False,False,False,False,False,True,False,False,False,False
Sportage,2019,1924985.0,97505,1800,Silver,5,5,Medium Tax Era,Low,0,14.470429252950302,Mid (4-7yr),19501.0,Medium,0,0,Medium,1,2,2,3,False,False,False,True,False,False,False,False,False,False,False,False,True,True,False,False,False,False,False,True,True,True,False,False,False,False,False,False,False,False,False,False
Axio,2018,1935502.0,66672,1800,Brown,6,6,Medium Tax Era,Low,1,14.475877798985723,Mid (4-7yr),11112.0,Medium,0,0,Medium,1,2,2,3,False,False,False,False,False,False,False,False,True,False,False,True,False,False,False,True,False,False,True,True,True,False,False,False,False,False,False,False,False,False,True,False
Camry,2009,688385.0,247093,1000,White,20,15,Low Tax Era,Medium,0,13.442105006099357,Vintage (13+yr),16472.866666666665,Very High,0,0,Small,2,1,4,2,False,False,False,False,False,False,False,False,True,False,False,True,True,False,False,True,False,False,False,False,True,False,False,True,False,False,False,False,False,False,False,False
Alto,2020,1826297.0,47245,800,White,5,4,High Tax Era,Medium,1,14.417801525069201,Mid (4-7yr),11811.25,Low,0,0,Small,2,3,1,2,False,False,False,False,False,False,False,True,False,False,False,True,False,True,False,False,False,False,True,True,True,False,True,False,False,False,False,False,False,False,False,False
Corolla,2015,1821351.0,86607,2000,Grey,5,9,Low Tax Era,High,0,14.415089640414037,Old (8-12yr),9623.0,Medium,0,0,Medium,3,1,2,3,False,False,False,False,False,False,False,False,True,False,True,False,False,False,False,True,False,False,False,True,True,False,False,False,False,True,False,False,False,False,False,False
Vitz,2012,1217181.0,170306,1300,White,12,12,Low Tax Era,High,0,14.012048908857489,Old (8-12yr),14192.166666666666,Very High,0,0,Small,3,1,4,2,False,False,False,False,False,False,False,False,True,False,True,False,True,True,False,False,False,False,True,True,True,False,False,False,False,False,False,False,False,False,False,True
Pajero,2017,1639147.0,101215,1500,Red,17,7,Medium Tax Era,Low,0,14.309687152612042,Mid (4-7yr),14459.285714285714,High,0,0,Small,1,2,3,2,False,False,False,False,False,True,False,False,False,False,False,True,False,True,False,False,False,False,True,False,True,False,True,False,False,False,False,False,False,False,False,False
A-Class,2015,3020102.0,114218,3000,White,9,9,Low Tax Era,High,0,14.920801494729723,Old (8-12yr),12690.888888888889,High,9,0,Large,3,1,3,4,True,False,False,False,False,False,False,False,False,False,True,False,True,False,False,True,False,False,False,True,False,False,False,False,False,False,False,False,False,False,True,False
Vezel,2011,945029.0,238117,2000,Brown,22,13,Low Tax Era,Low,1,13.758971952003732,Vintage (13+yr),18316.69230769231,Very High,0,1,Medium,1,1,4,3,False,False,False,False,False,False,False,False,True,False,False,True,False,False,True,False,False,False,False,False,True,True,False,False,False,False,False,False,False,False,False,False
Axio,2012,1153579.0,123527,1000,Black,16,12,Low Tax Era,Medium,1,13.958380708330633,Old (8-12yr),10293.916666666666,High,0,0,Small,2,1,3,2,False,False,False,False,False,False,False,False,True,False,False,True,False,False,False,True,False,False,True,True,True,True,False,False,False,False,False,False,False,False,False,False
Axio,2016,2608809.0,113402,0,White,22,8,Medium Tax Era,Very High,1,14.774404736629906,Old (8-12yr),14175.25,High,0,0,Micro,4,2,3,1,False,False,False,False,False,False,False,False,True,True,False,False,False,False,False,True,False,False,True,False,True,False,False,False,False,False,False,True,False,False,False,False
Axio,2018,2580714.0,68001,1300,Red,8,6,Medium Tax Era,High,1,14.763577050286827,Mid (4-7yr),11333.5,Medium,0,1,Small,3,2,2,2,False,False,False,False,False,False,False,False,True,False,True,False,False,False,False,True,False,False,False,False,True,False,False,False,True,False,False,False,False,False,False,False
City,2019,2734811.0,95388,1300,Silver,14,5,Medium Tax Era,High,0,14.821573252901574,Mid (4-7yr),19077.6,Medium,0,0,Small,3,2,2,2,False,True,False,False,False,False,False,False,False,False,True,False,False,False,False,False,True,False,True,True,True,False,False,False,False,False,True,False,False,False,False,False
Atenza,2013,1046606.0,161050,2000,Brown,23,11,Low Tax Era,Low,0,13.861064061221974,Old (8-12yr),14640.90909090909,Very High,0,0,Medium,1,1,4,3,False,False,False,False,True,False,False,False,False,False,False,True,False,False,False,False,False,True,True,True,True,False,False,False,True,False,False,False,False,False,False,False
Celerio,2015,1048782.0,49171,1500,Green,24,9,Low Tax Era,Low,0,13.863141002299496,Old (8-12yr),5463.444444444444,Low,0,0,Small,1,1,1,2,False,False,False,False,False,False,False,True,False,False,False,True,False,False,False,True,False,False,True,False,True,False,False,False,True,False,False,False,False,False,False,False
Wagon R,2013,836890.0,95417,1000,White,21,11,Low Tax Era,High,1,13.637449113990145,Old (8-12yr),8674.272727272728,Medium,0,0,Small,3,1,2,2,False,False,False,False,False,False,False,True,False,False,True,False,True,True,False,False,False,False,True,True,True,False,True,False,False,False,False,False,False,False,False,False
Fit,2021,4277635.0,27996,2000,Black,19,3,High Tax Era,High,1,15.268911078515414,New (0-3yr),9332.0,Low,0,0,Medium,3,3,1,3,False,True,False,False,False,False,False,False,False,False,True,False,False,True,False,False,False,False,True,True,True,False,False,False,False,False,False,False,False,False,False,True
CX-3,2015,1462783.0,42179,1300,Silver,18,9,Low Tax Era,High,0,14.19585202727028,Old (8-12yr),4686.555555555556,Low,0,0,Small,3,1,1,2,False,False,False,False,True,False,False,False,False,False,True,False,True,False,False,False,True,False,True,True,True,False,False,False,True,False,False,False,False,False,False,False
Allion,2014,1725376.0,180772,1500,Red,14,10,Low Tax Era,High,0,14.360956135293504,Old (8-12yr),18077.2,Very High,0,0,Small,3,1,4,2,False,False,False,False,False,False,False,False,True,False,True,False,False,False,False,True,False,False,False,False,True,False,False,False,True,False,False,False,False,False,False,False
Wagon R,2016,873914.0,47415,1000,Black,10,8,Medium Tax Era,Medium,1,13.680738395903619,Old (8-12yr),5926.875,Low,0,0,Small,2,2,1,2,False,False,False,False,False,False,False,True,False,False,False,True,True,True,False,False,False,False,True,True,True,False,False,False,False,False,False,False,False,False,False,True
530i,2013,2039365.0,165076,2500,Silver,19,11,Low Tax Era,Low,0,14.528149533203221,Old (8-12yr),15006.90909090909,Very High,11,0,Large,1,1,4,4,False,False,False,False,False,False,False,False,False,False,False,False,False,False,False,False,False,False,False,True,False,True,False,False,False,False,False,False,False,False,False,False
March,2014,985101.0,246589,1000,Blue,11,10,Low Tax Era,High,0,13.800500468092446,Old (8-12yr),24658.9,Very High,0,0,Small,3,1,4,2,False,False,False,False,False,False,True,False,False,False,True,False,False,True,False,False,False,False,True,False,True,False,False,False,True,False,False,False,False,False,False,False
X-Trail,2017,1669330.0,55088,1300,Silver,15,7,Medium Tax Era,Medium,0,14.327933505329407,Mid (4-7yr),7869.714285714285,Medium,0,0,Small,2,2,2,2,False,False,False,False,False,False,True,False,False,False,False,False,False,False,True,False,False,False,False,False,True,False,True,False,False,False,False,False,False,False,False,False
Wagon R,2017,1425500.0,118958,800,Green,6,7,Medium Tax Era,High,1,14.17003388884286,Mid (4-7yr),16994.0,High,0,1,Small,3,2,3,2,False,False,False,False,False,False,False,True,False,False,True,False,False,True,False,False,False,False,False,True,True,False,False,False,False,False,False,False,False,False,True,False
Note,2019,2066234.0,105942,1000,White,24,5,Medium Tax Era,Medium,0,14.54123866856289,Mid (4-7yr),21188.4,High,0,0,Small,2,2,3,2,False,False,False,False,False,False,True,False,False,False,False,True,True,False,False,True,False,False,True,True,True,False,True,False,False,False,False,False,False,False,False,False
Axela,2018,1988423.0,40174,1000,Brown,21,6,Medium Tax Era,Medium,0,14.502852923135848,Mid (4-7yr),6695.666666666667,Low,0,0,Small,2,2,1,2,False,False,False,False,True,False,False,False,False,False,False,False,False,False,True,False,False,False,True,True,True,False,False,True,False,False,False,False,False,False,False,False
Mazda 3,2018,2110082.0,90445,1500,White,5,6,Medium Tax Era,High,0,14.56223784117148,Mid (4-7yr),15074.166666666666,Medium,0,0,Small,3,2,2,2,False,False,False,False,True,False,False,False,False,False,True,False,False,False,False,False,False,True,False,False,True,False,False,True,False,False,False,False,False,False,False,False
Ertiga,2012,799233.0,147391,1500,White,23,12,Low Tax Era,High,0,13.591409047954116,Old (8-12yr),12282.583333333334,High,0,0,Small,3,1,3,2,False,False,False,False,False,False,False,True,False,False,True,False,True,False,True,False,False,False,False,True,True,False,True,False,False,False,False,False,False,False,False,False
Vezel,2021,3854270.0,26889,1300,White,15,3,High Tax Era,High,1,15.164692442038586,New (0-3yr),8963.0,Low,0,0,Small,3,3,1,2,False,False,False,False,False,False,False,False,True,False,True,False,True,False,True,False,False,False,True,True,True,False,True,False,False,False,False,False,False,False,False,False
Spacia,2014,815087.0,221880,1500,White,6,10,Low Tax Era,High,0,13.611051361854193,Old (8-12yr),22188.0,Very High,0,0,Small,3,1,4,2,False,False,False,False,False,False,False,True,False,False,True,False,False,False,False,True,False,False,True,False,True,False,False,False,False,False,False,True,False,False,False,False
Wagon R,2018,1990175.0,43765,1000,White,22,6,Medium Tax Era,High,1,14.503733635000948,Mid (4-7yr),7294.166666666667,Low,0,0,Small,3,2,1,2,False,False,False,False,False,False,False,True,False,False,True,False,False,True,False,False,False,False,True,True,True,False,False,False,False,False,False,False,False,False,False,True
Sorento,2016,1457707.0,95312,1800,White,21,8,Medium Tax Era,Low,0,14.192375897144732,Old (8-12yr),11914.0,Medium,0,0,Medium,1,2,2,3,False,False,False,True,False,False,False,False,False,False,False,True,False,False,False,False,False,False,True,False,True,False,True,False,False,False,False,False,False,False,False,False
Camry,2016,2114262.0,119650,1300,White,19,8,Medium Tax Era,Medium,0,14.564216846378077,Old (8-12yr),14956.25,High,0,0,Small,2,2,3,2,False,False,False,False,False,False,False,False,True,False,False,True,False,False,False,True,False,False,False,False,True,False,True,False,False,False,False,False,False,False,False,False
Vitz,2018,2632956.0,101842,2000,Silver,5,6,Medium Tax Era,High,0,14.78361810716393,Mid (4-7yr),16973.666666666668,High,0,0,Medium,3,2,3,3,False,False,False,False,False,False,False,False,True,False,True,False,False,True,False,False,False,False,True,True,True,True,False,False,False,False,False,False,False,False,False,False
Vezel,2014,1196614.0,131707,1500,Red,20,10,Low Tax Era,Low,1,13.995007295376798,Old (8-12yr),13170.7,High,0,0,Small,1,1,3,2,False,True,False,False,False,False,False,False,False,False,False,True,False,False,True,False,False,False,True,False,True,False,True,False,False,False,False,False,False,False,False,False
Caravan,2018,1810187.0,95276,1800,White,13,6,Medium Tax Era,Low,0,14.408941265251478,Mid (4-7yr),15879.333333333334,Medium,0,0,Medium,1,2,2,3,False,False,False,False,False,False,True,False,False,False,False,False,False,False,False,False,True,False,False,False,True,False,False,True,False,False,False,False,False,False,False,False
Vitz,2022,4364980.125,58664,1300,Black,19,2,High Tax Era,High,0,15.28912442307696,New (0-3yr),29332.0,Medium,0,0,Small,3,3,2,2,False,False,False,False,False,False,False,False,True,False,True,False,False,True,False,False,False,False,True,False,True,False,False,False,False,False,False,False,False,False,False,True
Swift,2008,500000.0,241015,1000,White,19,16,Low Tax Era,Medium,1,13.122365377402328,Vintage (13+yr),15063.4375,Very High,0,0,Small,2,1,4,2,False,False,False,False,False,False,False,True,False,False,False,True,False,True,False,False,False,False,True,True,True,False,False,False,False,False,False,False,False,False,True,False
Aqua,2013,1643340.0,85039,0,Silver,20,11,Low Tax Era,Very High,1,14.312241922654282,Old (8-12yr),7730.818181818182,Medium,0,0,Micro,4,1,2,1,False,False,False,False,False,False,False,False,True,True,False,False,False,True,False,False,False,False,True,False,True,False,True,False,False,False,False,False,False,False,False,False
Picanto,2016,1650886.0,83326,1300,White,14,8,Medium Tax Era,High,0,14.316823277192254,Old (8-12yr),10415.75,Medium,0,0,Small,3,2,2,2,False,False,False,True,False,False,False,False,False,False,True,False,False,False,False,False,False,False,False,True,True,False,False,False,False,False,False,False,False,False,True,False
Corolla,2014,1209896.0,165947,1000,Grey,10,10,Low Tax Era,Medium,0,14.006045789982732,Old (8-12yr),16594.7,Very High,0,0,Small,2,1,4,2,False,False,False,False,False,False,False,False,True,False,False,False,True,False,False,True,False,False,True,True,True,False,False,False,False,False,False,False,False,False,False,True
Hustler,2012,668598.0,153233,1500,White,8,12,Low Tax Era,High,0,13.412939757304438,Old (8-12yr),12769.416666666666,Very High,0,0,Small,3,1,4,2,False,False,False,False,False,False,False,True,False,False,True,False,False,True,False,False,False,False,True,True,True,False,False,False,True,False,False,False,False,False,False,False
Axio,2015,1969399.0,96704,0,Red,7,9,Low Tax Era,Very High,1,14.493239485795838,Old (8-12yr),10744.888888888889,Medium,0,0,Micro,4,1,2,1,False,False,False,False,False,False,False,False,True,True,False,False,False,False,False,True,False,False,True,False,True,False,False,False,False,False,False,False,False,False,False,True
Vezel,2019,2673147.0,42187,1000,Red,18,5,Medium Tax Era,Medium,1,14.79876736208809,Mid (4-7yr),8437.4,Low,0,0,Small,2,2,1,2,False,True,False,False,False,False,False,False,False,False,False,True,False,False,True,False,False,False,True,False,True,False,False,False,True,False,False,False,False,False,False,False
Elantra,2017,1659532.0,106736,1000,Black,13,7,Medium Tax Era,High,0,14.322046795452135,Mid (4-7yr),15248.0,High,0,0,Small,3,2,3,2,False,False,True,False,False,False,False,False,False,False,True,False,True,False,False,True,False,False,True,False,True,False,False,False,True,False,False,False,False,False,False,False
Fit,2014,1345704.0,96322,1000,Silver,19,10,Low Tax Era,Medium,1,14.112428597261111,Old (8-12yr),9632.2,Medium,0,0,Small,2,1,2,2,False,True,False,False,False,False,False,False,False,False,False,False,False,True,False,False,False,False,True,True,True,False,False,False,False,False,False,False,False,False,True,False
Celerio,2008,500000.0,203364,1000,White,14,16,Low Tax Era,Medium,0,13.122365377402328,Vintage (13+yr),12710.25,Very High,0,0,Small,2,1,4,2,False,False,False,False,False,False,False,True,False,False,False,False,False,False,False,False,False,False,True,False,True,False,True,False,False,False,False,False,False,False,False,False
Grace,2016,1538681.0,109166,1800,Red,5,8,Medium Tax Era,Low,0,14.246436763790264,Old (8-12yr),13645.75,High,0,0,Medium,1,2,3,3,False,True,False,False,False,False,False,False,False,False,False,False,False,False,False,True,False,False,True,True,True,True,False,False,False,False,False,False,False,False,False,False
City,2019,2167603.0,70049,1300,White,11,5,Medium Tax Era,Medium,0,14.589132968031317,Mid (4-7yr),14009.8,Medium,0,0,Small,2,2,2,2,False,True,False,False,False,False,False,False,False,False,False,False,True,False,False,False,False,True,True,False,True,False,True,False,False,False,False,False,False,False,False,False
City,2011,801774.0,210841,1000,Silver,7,13,Low Tax Era,Medium,0,13.594583298859094,Vintage (13+yr),16218.538461538461,Very High,0,0,Small,2,1,4,2,False,True,False,False,False,False,False,False,False,False,False,False,False,False,False,False,False,True,False,False,True,False,False,False,False,False,False,False,True,False,False,False
Accord,2018,2127703.0,49359,1000,White,13,6,Medium Tax Era,Medium,0,14.570554022024323,Mid (4-7yr),8226.5,Low,0,0,Small,2,2,1,2,False,True,False,False,False,False,False,False,False,False,False,True,False,False,False,False,False,True,False,True,True,False,False,False,False,True,False,False,False,False,False,False
Swift,2020,2123440.0,44100,1000,White,10,4,High Tax Era,High,1,14.56854844403113,Mid (4-7yr),11025.0,Low,0,1,Small,3,3,1,2,False,False,False,False,False,False,False,True,False,False,True,False,False,True,False,False,False,False,False,True,True,False,False,False,False,False,False,False,False,False,False,False
Hustler,2020,1992241.0,45835,1300,Silver,7,4,High Tax Era,High,0,14.504771195691635,Mid (4-7yr),11458.75,Low,0,0,Small,3,3,1,2,False,False,False,False,False,False,False,True,False,False,True,False,False,False,False,False,False,True,False,False,True,False,False,False,False,False,False,True,False,False,False,False
Ertiga,2017,1327438.0,67197,1500,Blue,21,7,Medium Tax Era,Low,0,14.098762080006669,Mid (4-7yr),9599.57142857143,Medium,0,0,Small,1,2,2,2,False,False,False,False,False,False,False,True,False,False,False,False,False,True,False,False,False,False,True,True,True,False,False,False,False,False,True,False,False,False,False,False
Grace,2019,2313838.0,118542,1000,Blue,24,5,Medium Tax Era,Medium,0,14.654418607824278,Mid (4-7yr),23708.4,High,0,0,Small,2,2,3,2,False,True,False,False,False,False,False,False,False,False,False,True,False,False,False,True,False,False,True,False,True,False,False,False,False,False,False,False,False,False,False,True
Accord,2018,1963120.0,75931,2000,Silver,8,6,Medium Tax Era,Low,0,14.490046111705318,Mid (4-7yr),12655.166666666666,Medium,0,0,Medium,1,2,2,3,False,True,False,False,False,False,False,False,False,False,False,True,True,True,False,False,False,False,False,False,True,False,False,False,False,False,False,False,False,False,False,True
Spacia,2012,819424.0,198028,1500,Brown,16,12,Low Tax Era,High,0,13.616358153758846,Old (8-12yr),16502.333333333332,Very High,0,0,Small,3,1,4,2,False,False,False,False,False,False,False,True,False,False,True,False,False,False,False,True,False,False,True,True,True,False,True,False,False,False,False,False,False,False,False,False
Grace,2018,1979083.0,112075,1000,Brown,5,6,Medium Tax Era,Medium,0,14.498144669363546,Mid (4-7yr),18679.166666666668,High,0,0,Small,2,2,3,2,False,True,False,False,False,False,False,False,False,False,False,False,False,False,False,True,False,False,True,True,True,False,False,False,False,False,False,False,False,False,True,False
Mirage,2018,2335752.0,106458,2000,Red,24,6,Medium Tax Era,High,0,14.663844881038408,Mid (4-7yr),17743.0,High,0,0,Medium,3,2,3,3,False,False,False,False,False,True,False,False,False,False,True,False,False,False,False,False,True,False,True,False,True,True,False,False,False,False,False,False,False,False,False,False
Wagon R,2016,1191895.0,106629,1000,White,18,8,Medium Tax Era,Medium,1,13.991055874478928,Old (8-12yr),13328.625,High,0,0,Small,2,2,3,2,False,False,False,False,False,False,False,True,False,False,False,False,True,True,False,False,False,False,True,False,True,False,True,False,False,False,False,False,False,False,False,False
CH-R,2023,4364980.125,13017,1000,Green,15,1,High Tax Era,Medium,0,15.28912442307696,New (0-3yr),13017.0,Low,0,0,Small,2,3,1,2,False,False,False,False,False,False,False,False,True,False,False,True,False,False,True,False,False,False,True,True,True,False,True,False,False,False,False,False,False,False,False,False
Mirage,2020,2801181.0,52228,2000,Red,15,4,High Tax Era,High,0,14.845552028925347,Mid (4-7yr),13057.0,Medium,0,0,Medium,3,3,2,3,False,False,False,False,False,True,False,False,False,False,True,False,False,False,False,False,False,True,True,True,True,False,True,False,False,False,False,False,False,False,False,False
Premio,2013,1110397.0,244005,1000,Silver,7,11,Low Tax Era,Medium,0,13.920229067580317,Old (8-12yr),22182.272727272728,Very High,0,0,Small,2,1,4,2,False,False,False,False,False,False,False,False,True,False,False,True,True,False,False,True,False,False,False,False,True,False,True,False,False,False,False,False,False,False,False,False
Every,2017,1372468.0,116312,1500,White,23,7,Medium Tax Era,Low,0,14.132121865589797,Mid (4-7yr),16616.0,High,0,0,Small,1,2,3,2,False,False,False,False,False,False,False,True,False,False,False,True,False,False,False,False,True,False,True,True,True,False,False,False,False,False,False,False,False,False,True,False
Alto,2014,905330.0,202564,660,Red,18,10,Low Tax Era,High,1,13.716055901669705,Old (8-12yr),20256.4,Very High,0,1,Micro,3,1,4,1,False,False,False,False,False,False,False,True,False,False,True,False,False,True,False,False,False,False,False,False,True,False,False,False,False,False,False,False,True,False,False,False
Alto,2015,962503.0,103185,660,White,23,9,Low Tax Era,Medium,1,13.777293500979596,Old (8-12yr),11465.0,High,0,0,Micro,2,1,3,1,False,False,False,False,False,False,False,True,False,False,False,True,True,True,False,False,False,False,True,False,True,False,False,False,False,False,False,False,True,False,False,False
Outlander,2012,970304.0,221013,1300,Silver,16,12,Low Tax Era,High,0,13.785365734045564,Old (8-12yr),18417.75,Very High,0,0,Small,3,1,4,2,False,False,False,False,False,True,False,False,False,False,True,False,False,False,True,False,False,False,True,False,True,False,False,False,False,False,False,False,False,False,False,True
Freed,2016,1962237.0,43255,0,White,15,8,Medium Tax Era,Very High,0,14.489596216541644,Old (8-12yr),5406.875,Low,0,0,Micro,4,2,1,1,False,True,False,False,False,False,False,False,False,True,False,False,True,False,False,False,True,False,True,False,True,False,False,False,False,False,False,False,False,True,False,False
Spacia,2018,1962645.0,45021,0,Grey,20,6,Medium Tax Era,Very High,0,14.489804120775995,Mid (4-7yr),7503.5,Low,0,0,Micro,4,2,1,1,False,False,False,False,False,False,False,True,False,True,False,False,False,False,False,False,False,False,False,False,True,False,True,False,False,False,False,False,False,False,False,False
Outlander,2023,3466254.0,2759,1000,White,11,1,High Tax Era,Medium,0,15.058585318392153,New (0-3yr),2759.0,Low,0,0,Small,2,3,1,2,False,False,False,False,False,True,False,False,False,False,False,True,False,False,True,False,False,False,True,True,True,False,False,False,False,True,False,False,False,False,False,False
Wagon R,2020,2098109.0,47093,800,Black,10,4,High Tax Era,Medium,1,14.556547497450488,Mid (4-7yr),11773.25,Low,0,0,Small,2,3,1,2,False,False,False,False,False,False,False,True,False,False,False,False,False,True,False,False,False,False,True,True,True,False,True,False,False,False,False,False,False,False,False,False
Premio,2016,1877635.0,97124,1800,White,14,8,Medium Tax Era,High,0,14.445524096748011,Old (8-12yr),12140.5,Medium,0,0,Medium,3,2,2,3,False,False,False,False,False,False,False,False,True,False,True,False,True,False,False,True,False,False,True,True,True,False,False,False,False,False,False,False,False,True,False,False
Every,2014,697500.0,215203,1300,White,6,10,Low Tax Era,Medium,0,13.455259226368387,Old (8-12yr),21520.3,Very High,0,0,Small,2,1,4,2,False,False,False,False,False,False,False,True,False,False,False,True,True,False,False,False,True,False,True,True,True,False,False,False,False,True,False,False,False,False,False,False
X-Trail,2019,2523217.0,50692,1500,Black,14,5,Medium Tax Era,High,0,14.741045628963818,Mid (4-7yr),10138.4,Medium,0,0,Small,3,2,2,2,False,False,False,False,False,False,True,False,False,False,True,False,False,False,True,False,False,False,True,False,True,False,True,False,False,False,False,False,False,False,False,False
Vezel,2015,2136951.0,110744,1000,Blue,21,9,Low Tax Era,High,1,14.574891072654546,Old (8-12yr),12304.888888888889,High,0,1,Small,3,1,3,2,False,False,False,False,False,False,False,False,True,False,True,False,False,False,True,False,False,False,False,True,True,False,False,False,True,False,False,False,False,False,False,False
Tucson,2012,873751.0,134353,1800,Grey,22,12,Low Tax Era,High,0,13.6805518615118,Old (8-12yr),11196.083333333334,High,0,0,Medium,3,1,3,3,False,False,True,False,False,False,False,False,False,False,True,False,False,False,True,False,False,False,True,True,True,False,False,False,False,False,False,False,False,True,False,False
Vezel,2019,2235879.0,75303,2000,Grey,8,5,Medium Tax Era,Low,1,14.620145444554018,Mid (4-7yr),15060.6,Medium,0,0,Medium,1,2,2,3,False,True,False,False,False,False,False,False,False,False,False,True,True,False,True,False,False,False,True,True,True,False,False,False,False,False,False,False,False,False,True,False
Accent,2018,2105055.0,43262,1500,Silver,10,6,Medium Tax Era,High,0,14.559852628070173,Mid (4-7yr),7210.333333333333,Low,0,0,Small,3,2,1,2,False,False,True,False,False,False,False,False,False,False,True,False,False,False,False,False,True,False,True,False,True,False,False,False,False,False,False,True,False,False,False,False
Fit,2019,3139590.0,51874,0,White,24,5,Medium Tax Era,Very High,1,14.959603094623477,Mid (4-7yr),10374.8,Medium,0,0,Micro,4,2,2,1,False,True,False,False,False,False,False,False,False,True,False,False,True,True,False,False,False,False,True,False,True,False,False,False,False,False,False,False,False,False,True,False
Premio,2020,3540197.0,34942,2000,Red,8,4,High Tax Era,High,0,15.0796932157492,Mid (4-7yr),8735.5,Low,0,0,Medium,3,3,1,3,False,False,False,False,False,False,False,False,True,False,True,False,False,False,False,True,False,False,False,False,True,False,False,False,False,False,False,False,False,True,False,False
Wagon R,2014,916572.0,183751,0,Brown,11,10,Low Tax Era,Very High,1,13.728396993935545,Old (8-12yr),18375.1,Very High,0,0,Micro,4,1,4,1,False,False,False,False,False,False,False,True,False,True,False,False,False,True,False,False,False,False,True,True,True,False,True,False,False,False,False,False,False,False,False,False
Tiida,2012,881070.0,173185,2000,White,20,12,Low Tax Era,High,0,13.688893491909463,Old (8-12yr),14432.083333333334,Very High,0,0,Medium,3,1,4,3,False,False,False,False,False,False,True,False,False,False,True,False,False,True,False,False,False,False,True,True,True,False,False,False,False,False,False,False,False,True,False,False
Hustler,2018,1661063.0,71923,1800,White,7,6,Medium Tax Era,High,0,14.32296891885855,Mid (4-7yr),11987.166666666666,Medium,0,0,Medium,3,2,2,3,False,False,False,False,False,False,False,True,False,False,True,False,False,False,False,False,False,False,True,False,True,False,False,False,False,False,False,True,False,False,False,False
Aqua,2019,3234704.0,118840,1800,Red,15,5,Medium Tax Era,High,1,14.989448291650875,Mid (4-7yr),23768.0,High,0,0,Medium,3,2,3,3,False,False,False,False,False,False,False,False,True,False,True,False,False,True,False,False,False,False,True,True,True,False,False,False,False,False,False,False,False,True,False,False
Camry,2018,2544984.0,109460,1300,White,21,6,Medium Tax Era,High,0,14.749635314039764,Mid (4-7yr),18243.333333333332,High,0,0,Small,3,2,3,2,False,False,False,False,False,False,False,False,True,False,True,False,True,False,False,True,False,False,True,True,True,False,False,False,False,False,False,False,False,False,False,True
Aqua,2014,1571553.0,138817,1800,White,10,10,Low Tax Era,High,1,14.267575496703849,Old (8-12yr),13881.7,High,0,0,Medium,3,1,3,3,False,False,False,False,False,False,False,False,True,False,True,False,True,True,False,False,False,False,True,True,True,False,False,False,False,False,False,False,True,False,False,False
Rio,2015,1319104.0,117475,0,White,7,9,Low Tax Era,Very High,0,14.092464034293021,Old (8-12yr),13052.777777777777,High,0,0,Micro,4,1,3,1,False,False,False,True,False,False,False,False,False,True,False,False,False,False,False,True,False,False,False,False,True,False,False,False,False,False,False,False,True,False,False,False
Aqua,2010,720128.0,243623,1300,White,16,14,Low Tax Era,Medium,1,13.487185641610475,Vintage (13+yr),17401.64285714286,Very High,0,1,Small,2,1,4,2,False,False,False,False,False,False,False,False,True,False,False,True,True,True,False,False,False,False,False,True,True,False,True,False,False,False,False,False,False,False,False,False
Corolla,2021,3114238.0,20698,1300,White,9,3,High Tax Era,Medium,0,14.951495378591503,New (0-3yr),6899.333333333333,Low,0,0,Small,2,3,1,2,False,False,False,False,False,False,False,False,True,False,False,True,False,False,False,True,False,False,False,True,True,False,False,False,False,False,False,False,True,False,False,False
i10,2008,500000.0,223464,1300,Silver,5,16,Low Tax Era,Medium,0,13.122365377402328,Vintage (13+yr),13966.5,Very High,0,0,Small,2,1,4,2,False,False,True,False,False,False,False,False,False,False,False,True,False,True,False,False,False,False,False,True,True,False,False,False,False,False,False,False,False,False,False,False
Note,2014,1126375.0,191576,2000,Gold,18,10,Low Tax Era,High,0,13.93451595734074,Old (8-12yr),19157.6,Very High,0,0,Medium,3,1,4,3,False,False,False,False,False,False,True,False,False,False,True,False,True,False,False,False,False,False,True,False,True,False,True,False,False,False,False,False,False,False,False,False
Every,2017,1388633.0,100281,1800,Blue,12,7,Medium Tax Era,High,0,14.143831088094455,Mid (4-7yr),14325.857142857143,High,0,0,Medium,3,2,3,3,False,False,False,False,False,False,False,True,False,False,True,False,True,False,False,False,True,False,False,False,True,False,False,False,False,False,False,False,True,False,False,False
Sorento,2017,1486159.0,47347,2000,White,10,7,Medium Tax Era,Low,0,14.211706170065286,Mid (4-7yr),6763.857142857143,Low,0,0,Medium,1,2,1,3,False,False,False,True,False,False,False,False,False,False,False,True,False,False,False,False,False,True,True,True,True,False,True,False,False,False,False,False,False,False,False,False
Prius,2018,2388549.0,54011,1800,Silver,13,6,Medium Tax Era,High,1,14.686197045233408,Mid (4-7yr),9001.833333333334,Medium,0,1,Medium,3,2,2,3,False,False,False,False,False,False,False,False,True,False,True,False,True,False,False,False,True,False,False,False,True,False,False,False,False,False,False,False,False,False,False,True
Montero,2010,595086.0,212659,2000,Blue,21,14,Low Tax Era,Low,0,13.29646289232628,Vintage (13+yr),15189.92857142857,Very High,0,0,Medium,1,1,4,3,False,False,False,False,False,True,False,False,False,False,False,True,False,False,False,True,False,False,True,True,True,False,False,True,False,False,False,False,False,False,False,False
Sportage,2014,992968.0,139993,2000,Silver,17,10,Low Tax Era,Low,0,13.808454724010293,Old (8-12yr),13999.3,High,0,0,Medium,1,1,3,3,False,False,False,True,False,False,False,False,False,False,False,True,True,False,False,False,False,False,True,True,True,False,True,False,False,False,False,False,False,False,False,False
Axio,2008,689816.0,224341,1300,White,22,16,Low Tax Era,Medium,1,13.444181624005786,Vintage (13+yr),14021.3125,Very High,0,0,Small,2,1,4,2,False,False,False,False,False,False,False,False,True,False,False,True,False,False,False,True,False,False,True,True,True,False,False,False,False,False,False,True,False,False,False,False
Freed,2020,2510602.0,29719,1500,White,7,4,High Tax Era,Low,0,14.736033521299014,Mid (4-7yr),7429.75,Low,0,0,Small,1,3,1,2,False,True,False,False,False,False,False,False,False,False,False,True,False,False,False,False,True,False,True,False,True,False,False,False,False,False,False,False,False,False,True,False
CX-3,2015,1272556.0,90225,2000,Black,8,9,Low Tax Era,Low,0,14.056538820116769,Old (8-12yr),10025.0,Medium,0,0,Medium,1,1,2,3,False,False,False,False,True,False,False,False,False,False,False,True,False,False,False,False,False,False,False,True,True,False,False,False,False,False,False,False,True,False,False,False
Allion,2015,2137737.0,45313,1500,White,16,9,Low Tax Era,High,0,14.575258818623894,Old (8-12yr),5034.777777777777,Low,0,0,Small,3,1,1,2,False,False,False,False,False,False,False,False,True,False,True,False,False,False,False,True,False,False,True,False,True,False,False,False,True,False,False,False,False,False,False,False
Fit,2014,1313342.0,99229,2000,Grey,9,10,Low Tax Era,High,1,14.08808635298501,Old (8-12yr),9922.9,Medium,0,1,Medium,3,1,2,3,False,True,False,False,False,False,False,False,False,False,True,False,False,True,False,False,False,False,False,True,True,False,False,False,True,False,False,False,False,False,False,False
Accent,2015,1233787.0,92227,1300,Brown,10,9,Low Tax Era,High,0,14.025599669660775,Old (8-12yr),10247.444444444445,Medium,0,0,Small,3,1,2,2,False,False,True,False,False,False,False,False,False,False,True,False,False,True,False,False,False,False,True,True,True,False,False,True,False,False,False,False,False,False,False,False
Axio,2019,2866812.0,110442,0,Silver,10,5,Medium Tax Era,Very High,1,14.868711517764426,Mid (4-7yr),22088.4,High,0,0,Micro,4,2,3,1,False,False,False,False,False,False,False,False,True,True,False,False,True,False,False,True,False,False,True,True,True,False,False,False,False,False,False,False,False,False,True,False
Vitz,2019,3074096.0,67386,1800,Brown,14,5,Medium Tax Era,High,0,14.938521757560059,Mid (4-7yr),13477.2,Medium,0,0,Medium,3,2,2,3,False,False,False,False,False,False,False,False,True,False,True,False,True,True,False,False,False,False,False,True,True,False,False,False,False,False,False,False,False,False,True,False
Allion,2017,2219796.0,117853,1000,White,13,7,Medium Tax Era,High,0,14.612926308225997,Mid (4-7yr),16836.14285714286,High,0,0,Small,3,2,3,2,False,False,False,False,False,False,False,False,True,False,True,False,False,False,False,True,False,False,False,False,True,False,False,False,False,False,False,False,False,False,True,False
Prius,2010,736140.0,118346,2000,Black,15,14,Low Tax Era,Low,1,13.509176955449615,Vintage (13+yr),8453.285714285714,High,0,0,Medium,1,1,3,3,False,False,False,False,False,False,False,False,True,False,False,True,True,False,False,True,False,False,True,False,True,False,False,False,False,True,False,False,False,False,False,False
Axio,2009,647031.0,81881,1500,Black,11,15,Low Tax Era,Low,1,13.380151031301711,Vintage (13+yr),5458.733333333334,Medium,0,0,Small,1,1,2,2,False,False,False,False,False,False,False,False,True,False,False,False,True,False,False,True,False,False,True,False,True,False,True,False,False,False,False,False,False,False,False,False
Vezel,2020,3302745.0,27205,2000,White,12,4,High Tax Era,Low,1,15.010264801627915,Mid (4-7yr),6801.25,Low,0,1,Medium,1,3,1,3,False,False,False,False,False,False,False,False,True,False,False,True,False,False,True,False,False,False,False,True,True,False,False,False,False,False,False,False,False,True,False,False
Vitz,2014,1359360.0,174283,1300,Red,19,10,Low Tax Era,Medium,0,14.122525294355578,Old (8-12yr),17428.3,Very High,0,0,Small,2,1,4,2,False,False,False,False,False,False,False,False,True,False,False,True,False,True,False,False,False,False,False,False,True,False,False,False,False,True,False,False,False,False,False,False
Swift,2013,744854.0,214164,1800,Black,20,11,Low Tax Era,High,1,13.520944847546167,Old (8-12yr),19469.454545454544,Very High,0,0,Medium,3,1,4,3,False,False,False,False,False,False,False,True,False,False,True,False,True,True,False,False,False,False,True,True,True,False,False,False,False,False,False,False,False,False,True,False
ASX,2015,1036240.0,104140,1800,White,10,9,Low Tax Era,Low,0,13.85111030023108,Old (8-12yr),11571.111111111111,High,0,0,Medium,1,1,3,3,False,False,False,False,False,True,False,False,False,False,False,True,True,False,False,False,False,False,True,True,True,False,False,False,True,False,False,False,False,False,False,False
Fit,2012,924960.0,121347,1500,White,14,12,Low Tax Era,Low,1,13.73750685344355,Old (8-12yr),10112.25,High,0,0,Small,1,1,3,2,False,True,False,False,False,False,False,False,False,False,False,True,False,True,False,False,False,False,True,True,True,False,False,False,False,False,False,False,False,False,True,False
Hustler,2022,2407028.0,58485,2000,Black,14,2,High Tax Era,Low,0,14.693903764885402,New (0-3yr),29242.5,Medium,0,0,Medium,1,3,2,3,False,False,False,False,False,False,False,True,False,False,False,False,False,False,False,False,False,True,True,False,True,True,False,False,False,False,False,False,False,False,False,False
Aqua,2016,2379490.0,54758,0,White,22,8,Medium Tax Era,Very High,1,14.682397157228943,Old (8-12yr),6844.75,Medium,0,1,Micro,4,2,2,1,False,False,False,False,False,False,False,False,True,True,False,False,False,True,False,False,False,False,False,False,True,False,False,True,False,False,False,False,False,False,False,False
Swift,2023,3664554.0,820,1300,White,22,1,High Tax Era,High,1,15.114217467104288,New (0-3yr),820.0,Low,0,0,Small,3,3,1,2,False,False,False,False,False,False,False,True,False,False,True,False,False,True,False,False,False,False,True,True,True,False,False,True,False,False,False,False,False,False,False,False
CX-5,2012,1134569.0,95216,0,White,14,12,Low Tax Era,Very High,0,13.941764282488545,Old (8-12yr),7934.666666666667,Medium,0,0,Micro,4,1,2,1,False,False,False,False,True,False,False,False,False,True,False,False,True,False,True,False,False,False,True,True,True,False,True,False,False,False,False,False,False,False,False,False
Vezel,2019,2527062.0,91502,1000,White,6,5,Medium Tax Era,Medium,1,14.742568316807487,Mid (4-7yr),18300.4,Medium,0,1,Small,2,2,2,2,False,False,False,False,False,False,False,False,True,False,False,True,False,False,True,False,False,False,False,False,True,False,True,False,False,False,False,False,False,False,False,False
Camry,2008,606174.0,233263,1000,Silver,18,16,Low Tax Era,Medium,0,13.314924002240744,Vintage (13+yr),14578.9375,Very High,0,0,Small,2,1,4,2,False,False,False,False,False,False,False,False,True,False,False,True,False,False,False,True,False,False,False,True,True,False,False,False,False,False,False,False,False,False,True,False
Mirage,2017,1596955.0,107708,2000,White,10,7,Medium Tax Era,Low,0,14.283609875158234,Mid (4-7yr),15386.857142857143,High,0,0,Medium,1,2,3,3,False,False,False,False,False,True,False,False,False,False,False,True,False,True,False,False,False,False,True,False,True,False,False,False,False,False,False,False,False,True,False,False
Allion,2017,2071212.0,67564,1500,Brown,12,7,Medium Tax Era,High,0,14.543644983954422,Mid (4-7yr),9652.0,Medium,0,0,Small,3,2,2,2,False,False,False,False,False,False,False,False,True,False,True,False,True,False,False,True,False,False,True,True,True,False,False,False,False,False,False,False,False,False,False,True
Spacia,2018,1903199.0,98255,0,Blue,19,6,Medium Tax Era,Very High,0,14.459047237970886,Mid (4-7yr),16375.833333333334,Medium,0,0,Micro,4,2,2,1,False,False,False,False,False,False,False,True,False,True,False,False,False,False,False,False,False,True,True,True,True,False,True,False,False,False,False,False,False,False,False,False
Allion,2018,2938142.0,96063,1000,White,12,6,Medium Tax Era,High,0,14.89328830709786,Mid (4-7yr),16010.5,Medium,0,0,Small,3,2,2,2,False,False,False,False,False,False,False,False,True,False,True,False,False,False,False,True,False,False,True,False,True,False,False,False,True,False,False,False,False,False,False,False
Mirage,2016,1756063.0,56709,1300,Black,16,8,Medium Tax Era,High,0,14.378585498982291,Old (8-12yr),7088.625,Medium,0,0,Small,3,2,2,2,False,False,False,False,False,True,False,False,False,False,True,False,False,False,False,False,False,True,False,True,True,False,True,False,False,False,False,False,False,False,False,False
Vitz,2016,1866915.0,89052,1800,White,21,8,Medium Tax Era,Low,0,14.43979842954597,Old (8-12yr),11131.5,Medium,0,0,Medium,1,2,2,3,False,False,False,False,False,False,False,False,True,False,False,True,False,True,False,False,False,False,True,True,True,False,False,False,False,False,False,False,False,True,False,False
CX-3,2018,2661907.0,109280,1500,Grey,23,6,Medium Tax Era,High,0,14.794553716859125,Mid (4-7yr),18213.333333333332,High,0,0,Small,3,2,3,2,False,False,False,False,True,False,False,False,False,False,True,False,False,False,False,False,True,False,False,False,True,False,False,False,False,False,False,False,False,False,True,False
Insight,2018,2204866.0,92664,2000,Gold,20,6,Medium Tax Era,Low,0,14.606177747583596,Mid (4-7yr),15444.0,Medium,0,0,Medium,1,2,2,3,False,True,False,False,False,False,False,False,False,False,False,True,False,False,False,False,False,True,False,True,True,False,True,False,False,False,False,False,False,False,False,False
Corolla,2010,699652.0,166226,1500,Black,10,14,Low Tax Era,Low,0,13.458339776832881,Vintage (13+yr),11873.285714285714,Very High,0,0,Small,1,1,4,2,False,False,False,False,False,False,False,False,True,False,False,False,True,False,False,True,False,False,True,True,True,False,False,False,False,False,False,False,False,True,False,False
Camry,2012,1114380.0,223687,1500,Red,16,12,Low Tax Era,High,0,13.923809651769007,Old (8-12yr),18640.583333333332,Very High,0,0,Small,3,1,4,2,False,False,False,False,False,False,False,False,True,False,True,False,True,False,False,True,False,False,False,False,True,True,False,False,False,False,False,False,False,False,False,False
Cerato,2014,1118762.0,171404,1000,Black,15,10,Low Tax Era,High,0,13.927734168615421,Old (8-12yr),17140.4,Very High,0,0,Small,3,1,4,2,False,False,False,True,False,False,False,False,False,False,True,False,True,False,False,False,True,False,False,False,True,False,False,False,True,False,False,False,False,False,False,False
Insight,2011,845489.0,120475,1000,White,21,13,Low Tax Era,Medium,0,13.647671619929717,Vintage (13+yr),9267.307692307691,High,0,0,Small,2,1,3,2,False,True,False,False,False,False,False,False,False,False,False,True,False,False,False,False,False,False,True,True,True,False,True,False,False,False,False,False,False,False,False,False
Allion,2015,1857772.0,54414,1300,Black,14,9,Low Tax Era,High,0,14.434889016510969,Old (8-12yr),6046.0,Medium,0,0,Small,3,1,2,2,False,False,False,False,False,False,False,False,True,False,True,False,True,False,False,True,False,False,True,True,True,False,False,False,False,False,False,False,True,False,False,False
Aqua,2012,1417147.0,163384,1500,White,21,12,Low Tax Era,High,1,14.164156959231414,Old (8-12yr),13615.333333333334,Very High,0,0,Small,3,1,4,2,False,False,False,False,False,False,False,False,True,False,True,False,False,True,False,False,False,False,True,True,True,False,True,False,False,False,False,False,False,False,False,False
Civic,2017,1816949.0,103965,2000,Silver,18,7,Medium Tax Era,Low,0,14.412669829113058,Mid (4-7yr),14852.142857142857,High,0,0,Medium,1,2,3,3,False,True,False,False,False,False,False,False,False,False,False,False,False,False,False,True,False,False,True,True,True,False,False,False,True,False,False,False,False,False,False,False
Axio,2012,992477.0,218426,1300,White,6,12,Low Tax Era,Medium,1,13.807960125050956,Old (8-12yr),18202.166666666668,Very High,0,0,Small,2,1,4,2,False,False,False,False,False,False,False,False,True,False,False,False,False,False,False,True,False,False,True,True,True,False,False,True,False,False,False,False,False,False,False,False
Montero,2014,1524686.0,108926,0,Silver,23,10,Low Tax Era,Very High,0,14.237299701056187,Old (8-12yr),10892.6,High,0,0,Micro,4,1,3,1,False,False,False,False,False,True,False,False,False,True,False,False,False,True,False,False,False,False,False,True,True,False,False,False,True,False,False,False,False,False,False,False
Insight,2008,581414.0,147616,1500,Silver,19,16,Low Tax Era,Low,0,13.273220066567704,Vintage (13+yr),9226.0,High,0,0,Small,1,1,3,2,False,True,False,False,False,False,False,False,False,False,False,True,True,False,False,True,False,False,False,True,True,False,True,False,False,False,False,False,False,False,False,False
Vitz,2011,994960.0,138502,2000,Black,22,13,Low Tax Era,Low,0,13.810458819392649,Vintage (13+yr),10654.0,High,0,0,Medium,1,1,3,3,False,False,False,False,False,False,False,False,True,False,False,False,False,True,False,False,False,False,False,True,True,False,False,False,False,False,False,False,False,True,False,False
Ertiga,2017,1811033.0,59627,0,White,23,7,Medium Tax Era,Very High,0,14.409408510847243,Mid (4-7yr),8518.142857142857,Medium,0,0,Micro,4,2,2,1,False,False,False,False,False,False,False,True,False,True,False,False,False,False,False,True,False,False,True,False,True,False,True,False,False,False,False,False,False,False,False,False
Insight,2019,2570054.0,75892,1300,White,7,5,Medium Tax Era,High,0,14.75943785742062,Mid (4-7yr),15178.4,Medium,0,0,Small,3,2,2,2,False,True,False,False,False,False,False,False,False,False,True,False,False,False,False,False,False,True,True,False,True,False,True,False,False,False,False,False,False,False,False,False
Every,2021,2436679.0,34522,1800,Silver,20,3,High Tax Era,Low,0,14.706147014999106,New (0-3yr),11507.333333333334,Low,0,0,Medium,1,3,1,3,False,False,False,False,False,False,False,True,False,False,False,False,False,False,False,False,True,False,True,True,True,False,True,False,False,False,False,False,False,False,False,False
CX-5,2013,1005474.0,145524,1300,White,15,11,Low Tax Era,Medium,0,13.820970624633635,Old (8-12yr),13229.454545454546,High,0,0,Small,2,1,3,2,False,False,False,False,True,False,False,False,False,False,False,True,False,False,True,False,False,False,True,False,True,False,False,True,False,False,False,False,False,False,False,False
Wagon R,2010,517093.0,192651,800,Green,19,14,Low Tax Era,Medium,1,13.155979955145462,Vintage (13+yr),13760.785714285714,Very High,0,0,Small,2,1,4,2,False,False,False,False,False,False,False,True,False,False,False,False,True,True,False,False,False,False,True,True,True,False,True,False,False,False,False,False,False,False,False,False
Prius,2018,2465286.0,90494,1500,White,6,6,Medium Tax Era,High,1,14.717818788701763,Mid (4-7yr),15082.333333333334,Medium,0,0,Small,3,2,2,2,False,False,False,False,False,False,False,False,True,False,True,False,False,False,False,True,False,False,True,True,True,False,True,False,False,False,False,False,False,False,False,False
X1,2018,4010978.0,72230,2000,Black,22,6,Medium Tax Era,Low,0,15.20454590913639,Mid (4-7yr),12038.333333333334,Medium,6,0,Medium,1,2,2,3,False,False,False,False,False,False,False,False,False,False,False,False,False,False,False,False,True,False,True,False,False,False,False,False,False,False,False,False,False,True,False,False
Mirage,2014,1348738.0,180088,2000,Black,23,10,Low Tax Era,High,0,14.114680639821502,Old (8-12yr),18008.8,Very High,0,0,Medium,3,1,4,3,False,False,False,False,False,True,False,False,False,False,True,False,True,True,False,False,False,False,False,True,True,False,False,False,False,False,False,False,False,True,False,False
Accord,2019,2519588.0,95371,1500,White,7,5,Medium Tax Era,High,0,14.739606350948035,Mid (4-7yr),19074.2,Medium,0,0,Small,3,2,2,2,False,True,False,False,False,False,False,False,False,False,True,False,False,False,False,True,False,False,False,False,True,False,False,False,False,False,False,False,False,True,False,False
Ertiga,2018,1672356.0,81979,0,Gold,12,6,Medium Tax Era,Very High,0,14.32974456658174,Mid (4-7yr),13663.166666666666,Medium,0,0,Micro,4,2,2,1,False,False,False,False,False,False,False,True,False,True,False,False,False,False,True,False,False,False,True,True,True,False,True,False,False,False,False,False,False,False,False,False
Spacia,2015,1151274.0,100758,2000,White,17,9,Low Tax Era,High,0,13.956380581842476,Old (8-12yr),11195.333333333334,High,0,0,Medium,3,1,3,3,False,False,False,False,False,False,False,True,False,False,True,False,False,False,True,False,False,False,True,False,True,False,True,False,False,False,False,False,False,False,False,False
Vezel,2013,1450310.0,101638,1500,Red,20,11,Low Tax Era,High,1,14.18728857415724,Old (8-12yr),9239.818181818182,High,0,1,Small,3,1,3,2,False,False,False,False,False,False,False,False,True,False,True,False,False,False,True,False,False,False,False,False,True,False,False,True,False,False,False,False,False,False,False,False
Hustler,2013,586852.0,217844,1300,White,10,11,Low Tax Era,Medium,0,13.282529641554055,Old (8-12yr),19804.0,Very High,0,0,Small,2,1,4,2,False,False,False,False,False,False,False,True,False,False,False,True,False,False,False,True,False,False,True,False,True,False,False,False,False,False,False,True,False,False,False,False
Accord,2011,802911.0,212450,1000,White,17,13,Low Tax Era,Medium,0,13.596000397882484,Vintage (13+yr),16342.307692307691,Very High,0,0,Small,2,1,4,2,False,True,False,False,False,False,False,False,False,False,False,True,False,False,False,False,True,False,True,False,True,False,False,True,False,False,False,False,False,False,False,False
Prius,2020,4044116.0,41337,1000,White,16,4,High Tax Era,High,1,15.212773790454726,Mid (4-7yr),10334.25,Low,0,1,Small,3,3,1,2,False,False,False,False,False,False,False,False,True,False,True,False,False,False,False,False,False,False,False,True,True,False,False,True,False,False,False,False,False,False,False,False
Wagon R,2017,1711786.0,80581,660,Black,24,7,Medium Tax Era,High,1,14.353048412055676,Mid (4-7yr),11511.57142857143,Medium,0,0,Micro,3,2,2,1,False,False,False,False,False,False,False,True,False,False,True,False,False,True,False,False,False,False,True,True,True,False,True,False,False,False,False,False,False,False,False,False
Corolla,2017,2380464.0,40515,1000,Silver,9,7,Medium Tax Era,High,0,14.682806404715093,Mid (4-7yr),5787.857142857143,Low,0,0,Small,3,2,1,2,False,False,False,False,False,False,False,False,True,False,True,False,False,False,False,True,False,False,True,True,True,False,False,False,True,False,False,False,False,False,False,False
Grace,2020,3051505.0,51444,0,White,18,4,High Tax Era,Very High,0,14.931145797210862,Mid (4-7yr),12861.0,Medium,0,0,Micro,4,3,2,1,False,True,False,False,False,False,False,False,False,True,False,False,True,False,False,True,False,False,False,False,True,False,False,False,True,False,False,False,False,False,False,False
Axio,2020,3932197.0,38849,1800,Black,11,4,High Tax Era,High,1,15.18470911503427,Mid (4-7yr),9712.25,Low,0,0,Medium,3,3,1,3,False,False,False,False,False,False,False,False,True,False,True,False,False,False,False,True,False,False,True,True,True,False,False,False,False,False,False,False,False,False,False,False
City,2015,1775191.0,105497,1000,Gold,11,9,Low Tax Era,High,0,14.389419144055891,Old (8-12yr),11721.888888888889,High,0,0,Small,3,1,3,2,False,True,False,False,False,False,False,False,False,False,True,False,False,True,False,False,False,False,True,True,True,False,True,False,False,False,False,False,False,False,False,False
Note,2014,892039.0,240337,2000,Brown,13,10,Low Tax Era,Low,0,13.701266253606054,Old (8-12yr),24033.7,Very High,0,0,Medium,1,1,4,3,False,False,False,False,False,False,True,False,False,False,False,True,False,False,True,False,False,False,True,True,True,False,True,False,False,False,False,False,False,False,False,False
Juke,2019,1895393.0,54605,1500,White,20,5,Medium Tax Era,Low,0,14.4549372904545,Mid (4-7yr),10921.0,Medium,0,0,Small,1,2,2,2,False,False,False,False,False,False,True,False,False,False,False,True,True,False,False,True,False,False,True,True,True,False,False,False,False,False,False,True,False,False,False,False
CX-3,2020,3262803.0,46898,1300,Silver,23,4,High Tax Era,High,0,14.99809750634872,Mid (4-7yr),11724.5,Low,0,0,Small,3,3,1,2,False,False,False,False,True,False,False,False,False,False,True,False,False,False,False,False,False,False,False,True,True,False,False,False,True,False,False,False,False,False,False,False
Vitz,2008,685885.0,234546,1500,Grey,13,16,Low Tax Era,Low,0,13.438466712140453,Vintage (13+yr),14659.125,Very High,0,0,Small,1,1,4,2,False,False,False,False,False,False,False,False,True,False,False,False,False,True,False,False,False,False,False,True,True,False,False,False,False,False,True,False,False,False,False,False
Accord,2018,2621971.0,84066,1500,White,15,6,Medium Tax Era,High,0,14.779437264377671,Mid (4-7yr),14011.0,Medium,0,0,Small,3,2,2,2,False,True,False,False,False,False,False,False,False,False,True,False,False,False,False,True,False,False,True,True,True,False,False,False,False,True,False,False,False,False,False,False
City,2018,2394818.0,62504,2000,Silver,21,6,Medium Tax Era,Low,0,14.688818211858552,Mid (4-7yr),10417.333333333334,Medium,0,0,Medium,1,2,2,3,False,True,False,False,False,False,False,False,False,False,False,False,False,False,True,False,False,False,False,False,True,False,True,False,False,False,False,False,False,False,False,False
Prius,2015,1504391.0,110990,1300,Grey,6,9,Low Tax Era,Medium,1,14.223899387829535,Old (8-12yr),12332.222222222223,High,0,0,Small,2,1,3,2,False,False,False,False,False,False,False,False,True,False,False,True,False,False,False,False,True,False,True,False,True,False,False,False,False,False,False,False,False,False,True,False
Ertiga,2023,2678841.0,2407,1800,Grey,10,1,High Tax Era,High,0,14.800895169557212,New (0-3yr),2407.0,Low,0,0,Medium,3,3,1,3,False,False,False,False,False,False,False,True,False,False,True,False,True,False,False,False,False,False,True,True,True,False,False,True,False,False,False,False,False,False,False,False
Alto,2010,500000.0,227032,660,Grey,21,14,Low Tax Era,Medium,1,13.122365377402328,Vintage (13+yr),16216.57142857143,Very High,0,0,Micro,2,1,4,1,False,False,False,False,False,False,False,True,False,False,False,True,False,True,False,False,False,False,True,False,True,False,False,False,False,False,False,False,False,True,False,False
CH-R,2019,2731202.0,46054,1000,White,12,5,Medium Tax Era,Medium,0,14.820252729439988,Mid (4-7yr),9210.8,Low,0,0,Small,2,2,1,2,False,False,False,False,False,False,False,False,True,False,False,False,False,False,True,False,False,False,True,True,True,False,False,False,False,False,True,False,False,False,False,False
Demio,2008,500000.0,180963,1300,Red,5,16,Low Tax Era,Medium,0,13.122365377402328,Vintage (13+yr),11310.1875,Very High,0,0,Small,2,1,4,2,False,False,False,False,True,False,False,False,False,False,False,True,False,True,False,False,False,False,True,True,True,False,True,False,False,False,False,False,False,False,False,False
Caravan,2016,1303193.0,108689,1000,Green,20,8,Medium Tax Era,Medium,0,14.080328732207809,Old (8-12yr),13586.125,High,0,0,Small,2,2,3,2,False,False,False,False,False,False,True,False,False,False,False,True,False,False,False,False,True,False,False,True,True,False,True,False,False,False,False,False,False,False,False,False
Leaf,2015,1247237.0,53329,1500,White,6,9,Low Tax Era,High,0,14.036442064510434,Old (8-12yr),5925.444444444444,Medium,0,0,Small,3,1,2,2,False,False,False,False,False,False,True,False,False,False,True,False,False,False,False,False,False,True,True,False,True,False,False,False,False,True,False,False,False,False,False,False
E200,2022,4364980.125,44991,3000,Black,13,2,High Tax Era,Low,0,15.28912442307696,New (0-3yr),22495.5,Low,2,0,Large,1,3,1,4,True,False,False,False,False,False,False,False,False,False,False,True,False,False,False,False,False,False,True,True,False,False,False,False,False,True,False,False,False,False,False,False
Swift,2011,500000.0,189765,1000,White,7,13,Low Tax Era,Medium,1,13.122365377402328,Vintage (13+yr),14597.307692307691,Very High,0,1,Small,2,1,4,2,False,False,False,False,False,False,False,True,False,False,False,True,True,True,False,False,False,False,False,True,True,False,True,False,False,False,False,False,False,False,False,False
Swift,2020,2532337.0,43060,1000,White,18,4,High Tax Era,High,1,14.744653544648248,Mid (4-7yr),10765.0,Low,0,1,Small,3,3,1,2,False,False,False,False,False,False,False,True,False,False,True,False,False,True,False,False,False,False,False,True,True,False,True,False,False,False,False,False,False,False,False,False
Mazda 3,2018,2068819.0,74678,1500,White,23,6,Medium Tax Era,Low,0,14.542488954393063,Mid (4-7yr),12446.333333333334,Medium,0,0,Small,1,2,2,2,False,False,False,False,True,False,False,False,False,False,False,True,False,True,False,False,False,False,True,True,True,False,False,False,False,False,False,False,False,True,False,False
Caravan,2016,1175758.0,49269,1000,Blue,11,8,Medium Tax Era,Medium,0,13.977424454466494,Old (8-12yr),6158.625,Low,0,0,Small,2,2,1,2,False,False,False,False,False,False,True,False,False,False,False,True,False,False,False,False,True,False,False,True,True,False,False,True,False,False,False,False,False,False,False,False
Prius,2015,1939696.0,83459,1500,Red,13,9,Low Tax Era,High,1,14.478042333274265,Old (8-12yr),9273.222222222223,Medium,0,0,Small,3,1,2,2,False,False,False,False,False,False,False,False,True,False,True,False,False,True,False,False,False,False,True,True,True,False,False,False,True,False,False,False,False,False,False,False
Premio,2015,1465450.0,70930,1300,Red,8,9,Low Tax Era,Medium,0,14.19767360288662,Old (8-12yr),7881.111111111111,Medium,0,0,Small,2,1,2,2,False,False,False,False,False,False,False,False,True,False,False,False,False,False,False,True,False,False,True,False,True,False,False,False,True,False,False,False,False,False,False,False
Wagon R,2018,1138156.0,119737,1000,Silver,6,6,Medium Tax Era,Medium,1,13.9449208454883,Mid (4-7yr),19956.166666666668,High,0,0,Small,2,2,3,2,False,False,False,False,False,False,False,True,False,False,False,True,True,True,False,False,False,False,True,False,True,False,False,False,False,False,False,True,False,False,False,False
Celerio,2020,1961080.0,41655,1000,Silver,6,4,High Tax Era,High,0,14.489006409781837,Mid (4-7yr),10413.75,Low,0,0,Small,3,3,1,2,False,False,False,False,False,False,False,True,False,False,True,False,True,False,False,True,False,False,True,False,True,False,False,False,False,False,False,False,False,False,True,False
Civic,2011,819489.0,221385,1500,Black,21,13,Low Tax Era,Low,0,13.61643747452903,Vintage (13+yr),17029.615384615383,Very High,0,0,Small,1,1,4,2,False,True,False,False,False,False,False,False,False,False,False,False,False,False,False,True,False,False,True,False,True,False,False,False,False,False,False,False,True,False,False,False
Alto,2012,725231.0,168177,1000,Grey,9,12,Low Tax Era,High,1,13.494246882647731,Old (8-12yr),14014.75,Very High,0,0,Small,3,1,4,2,False,False,False,False,False,False,False,True,False,False,True,False,False,True,False,False,False,False,True,False,True,False,True,False,False,False,False,False,False,False,False,False
Corolla,2010,848090.0,112167,2000,Blue,8,14,Low Tax Era,Low,0,13.650743220337347,Vintage (13+yr),8011.928571428572,High,0,0,Medium,1,1,3,3,False,False,False,False,False,False,False,False,True,False,False,True,False,False,False,True,False,False,False,True,True,False,False,False,True,False,False,False,False,False,False,False
Vezel,2018,2679068.0,106900,1300,Brown,22,6,Medium Tax Era,High,1,14.800979904074127,Mid (4-7yr),17816.666666666668,High,0,0,Small,3,2,3,2,False,False,False,False,False,False,False,False,True,False,True,False,True,False,True,False,False,False,True,True,True,False,True,False,False,False,False,False,False,False,False,False
Cerato,2014,1159315.0,234961,1500,White,23,10,Low Tax Era,High,0,13.963340733995153,Old (8-12yr),23496.1,Very High,0,0,Small,3,1,4,2,False,False,False,True,False,False,False,False,False,False,True,False,False,False,False,False,True,False,True,True,True,False,False,False,True,False,False,False,False,False,False,False
Alto,2014,939180.0,92379,1000,Red,21,10,Low Tax Era,High,1,13.752763497868376,Old (8-12yr),9237.9,Medium,0,0,Small,3,1,2,2,False,False,False,False,False,False,False,True,False,False,True,False,True,True,False,False,False,False,True,False,True,False,False,False,False,False,False,False,False,False,False,False
Leaf,2020,2266847.0,34810,0,Blue,5,4,High Tax Era,Very High,0,14.633900878278396,Mid (4-7yr),8702.5,Low,0,0,Micro,4,3,1,1,False,False,False,False,False,False,True,False,False,True,False,False,False,False,False,False,False,False,True,False,True,False,False,False,False,False,False,False,False,False,False,True
Ertiga,2015,1181653.0,112903,1800,Black,17,9,Low Tax Era,High,0,13.982425709899813,Old (8-12yr),12544.777777777777,High,0,0,Medium,3,1,3,3,False,False,False,False,False,False,False,True,False,False,True,False,False,False,False,True,False,False,True,False,True,False,True,False,False,False,False,False,False,False,False,False
Allion,2018,2722932.0,91658,1000,White,6,6,Medium Tax Era,High,0,14.817220166138346,Mid (4-7yr),15276.333333333334,Medium,0,0,Small,3,2,2,2,False,False,False,False,False,False,False,False,True,False,True,False,False,False,False,True,False,False,False,False,True,False,False,True,False,False,False,False,False,False,False,False
Ertiga,2008,500000.0,163521,2000,Red,7,16,Low Tax Era,Low,0,13.122365377402328,Vintage (13+yr),10220.0625,Very High,0,0,Medium,1,1,4,3,False,False,False,False,False,False,False,True,False,False,False,True,False,False,False,True,False,False,False,True,True,False,False,True,False,False,False,False,False,False,False,False
Caravan,2015,1323768.0,117355,1800,Silver,23,9,Low Tax Era,High,0,14.09599352895811,Old (8-12yr),13039.444444444445,High,0,0,Medium,3,1,3,3,False,False,False,False,False,False,True,False,False,False,True,False,False,False,False,False,True,False,True,False,True,False,False,False,True,False,False,False,False,False,False,False
Vezel,2014,1296126.0,169242,1500,Red,9,10,Low Tax Era,High,1,14.074891144920436,Old (8-12yr),16924.2,Very High,0,1,Small,3,1,4,2,False,True,False,False,False,False,False,False,False,False,True,False,False,False,True,False,False,False,False,False,True,False,False,False,True,False,False,False,False,False,False,False
Vitz,2013,1157140.0,209863,1300,Red,16,11,Low Tax Era,Medium,0,13.961462865647794,Old (8-12yr),19078.454545454544,Very High,0,0,Small,2,1,4,2,False,False,False,False,False,False,False,False,True,False,False,False,False,True,False,False,False,False,False,False,True,False,False,False,False,False,False,True,False,False,False,False
Prius,2010,711404.0,125689,1500,Black,8,14,Low Tax Era,Low,1,13.474997166866508,Vintage (13+yr),8977.785714285714,High,0,0,Small,1,1,3,2,False,False,False,False,False,False,False,False,True,False,False,True,True,False,False,True,False,False,True,True,True,False,False,False,False,False,False,False,True,False,False,False
Aqua,2018,2042509.0,73541,1000,White,8,6,Medium Tax Era,Medium,1,14.529690001665141,Mid (4-7yr),12256.833333333334,Medium,0,0,Small,2,2,2,2,False,False,False,False,False,False,False,False,True,False,False,True,False,True,False,False,False,False,True,True,True,False,False,False,False,False,False,True,False,False,False,False
Pajero,2010,566967.0,199243,1300,Grey,11,14,Low Tax Era,Medium,0,13.24805814372747,Vintage (13+yr),14231.642857142857,Very High,0,0,Small,2,1,4,2,False,False,False,False,False,True,False,False,False,False,False,True,True,False,False,False,False,True,False,True,True,False,True,False,False,False,False,False,False,False,False,False
X-Trail,2009,500000.0,241323,1300,White,12,15,Low Tax Era,Medium,0,13.122365377402328,Vintage (13+yr),16088.2,Very High,0,0,Small,2,1,4,2,False,False,False,False,False,False,True,False,False,False,False,True,True,False,True,False,False,False,True,True,True,False,False,False,False,False,False,False,True,False,False,False
Corolla,2013,1367639.0,245847,1800,White,18,11,Low Tax Era,High,0,14.128597184637782,Old (8-12yr),22349.727272727272,Very High,0,0,Medium,3,1,4,3,False,False,False,False,False,False,False,False,True,False,True,False,True,False,False,True,False,False,True,True,True,False,False,False,False,False,False,False,False,True,False,False
Alto,2017,1308714.0,77706,800,Gold,6,7,Medium Tax Era,High,1,14.084556297733828,Mid (4-7yr),11100.857142857143,Medium,0,0,Small,3,2,2,2,False,False,False,False,False,False,False,True,False,False,True,False,False,True,False,False,False,False,True,True,True,False,False,False,False,False,False,False,False,False,True,False
Alto,2017,1608136.0,69553,800,White,24,7,Medium Tax Era,Medium,1,14.290586924096795,Mid (4-7yr),9936.142857142857,Medium,0,0,Small,2,2,2,2,False,False,False,False,False,False,False,True,False,False,False,False,False,True,False,False,False,False,True,True,True,False,True,False,False,False,False,False,False,False,False,False
Demio,2020,2557383.0,48710,1300,Red,20,4,High Tax Era,Medium,0,14.754495418985524,Mid (4-7yr),12177.5,Low,0,0,Small,2,3,1,2,False,False,False,False,True,False,False,False,False,False,False,True,False,True,False,False,False,False,True,True,True,False,False,False,False,False,False,True,False,False,False,False
Accent,2011,696003.0,241297,2000,Black,16,13,Low Tax Era,Low,0,13.453110686426479,Vintage (13+yr),18561.30769230769,Very High,0,0,Medium,1,1,4,3,False,False,True,False,False,False,False,False,False,False,False,False,False,False,True,False,False,False,True,False,True,False,False,False,False,True,False,False,False,False,False,False
March,2015,1342797.0,51221,1000,Silver,13,9,Low Tax Era,High,0,14.110266054661826,Old (8-12yr),5691.222222222223,Medium,0,0,Small,3,1,2,2,False,False,False,False,False,False,True,False,False,False,True,False,False,True,False,False,False,False,False,True,True,False,False,True,False,False,False,False,False,False,False,False
CX-3,2012,734337.0,213964,1300,Red,5,12,Low Tax Era,Medium,0,13.506724692066673,Old (8-12yr),17830.333333333332,Very High,0,0,Small,2,1,4,2,False,False,False,False,True,False,False,False,False,False,False,True,False,False,False,False,True,False,False,True,True,False,False,False,True,False,False,False,False,False,False,False
Insight,2009,729447.0,167892,1500,Black,20,15,Low Tax Era,Low,0,13.500043362704522,Vintage (13+yr),11192.8,Very High,0,0,Small,1,1,4,2,False,True,False,False,False,False,False,False,False,False,False,True,False,False,False,False,False,True,True,False,True,False,True,False,False,False,False,False,False,False,False,False
Camry,2019,2536600.0,106543,2000,White,18,5,Medium Tax Era,Low,0,14.746335553843883,Mid (4-7yr),21308.6,High,0,0,Medium,1,2,3,3,False,False,False,False,False,False,False,False,True,False,False,True,False,False,False,True,False,False,False,False,True,False,False,False,True,False,False,False,False,False,False,False
Every,2018,1268145.0,42637,2000,Brown,14,6,Medium Tax Era,Low,0,14.053066549306818,Mid (4-7yr),7106.166666666667,Low,0,0,Medium,1,2,1,3,False,False,False,False,False,False,False,True,False,False,False,True,False,False,False,False,True,False,True,False,True,False,False,False,False,False,False,False,False,False,True,False
Premio,2015,1648343.0,77045,1800,Black,6,9,Low Tax Era,Low,0,14.315281705532914,Old (8-12yr),8560.555555555555,Medium,0,0,Medium,1,1,2,3,False,False,False,False,False,False,False,False,True,False,False,True,False,False,False,True,False,False,False,True,True,False,True,False,False,False,False,False,False,False,False,False
Every,2020,2233058.0,54850,0,Silver,17,4,High Tax Era,Very High,0,14.618882952327253,Mid (4-7yr),13712.5,Medium,0,0,Micro,4,3,2,1,False,False,False,False,False,False,False,True,False,True,False,False,False,False,False,False,True,False,True,True,True,False,False,False,False,False,False,False,False,False,False,True
Allion,2014,1323706.0,99177,1000,Grey,11,10,Low Tax Era,Medium,0,14.095946691895177,Old (8-12yr),9917.7,Medium,0,0,Small,2,1,2,2,False,False,False,False,False,False,False,False,True,False,False,False,False,False,False,True,False,False,True,False,True,False,True,False,False,False,False,False,False,False,False,False
CH-R,2015,1875433.0,114160,1300,Black,19,9,Low Tax Era,Medium,0,14.44435065726904,Old (8-12yr),12684.444444444445,High,0,0,Small,2,1,3,2,False,False,False,False,False,False,False,False,True,False,False,True,False,False,True,False,False,False,False,False,True,False,True,False,False,False,False,False,False,False,False,False
Alto,2020,2250634.0,36168,1000,White,8,4,High Tax Era,High,1,14.626722956585626,Mid (4-7yr),9042.0,Low,0,1,Small,3,3,1,2,False,False,False,False,False,False,False,True,False,False,True,False,False,True,False,False,False,False,False,False,True,False,False,False,False,False,False,True,False,False,False,False
Grace,2020,3207034.0,53523,1800,Silver,19,4,High Tax Era,Low,0,14.98085739224218,Mid (4-7yr),13380.75,Medium,0,0,Medium,1,3,2,3,False,True,False,False,False,False,False,False,False,False,False,True,False,False,False,True,False,False,False,False,True,False,True,False,False,False,False,False,False,False,False,False
Premio,2014,1480298.0,237732,1300,Green,16,10,Low Tax Era,High,0,14.207754652362613,Old (8-12yr),23773.2,Very High,0,0,Small,3,1,4,2,False,False,False,False,False,False,False,False,True,False,True,False,False,False,False,True,False,False,True,False,True,False,False,True,False,False,False,False,False,False,False,False
Allion,2015,1686626.0,119553,1300,White,23,9,Low Tax Era,Medium,0,14.338241234532429,Old (8-12yr),13283.666666666666,High,0,0,Small,2,1,3,2,False,False,False,False,False,False,False,False,True,False,False,False,True,False,False,True,False,False,True,True,True,False,True,False,False,False,False,False,False,False,False,False
Aqua,2014,1578193.0,235732,1000,Silver,10,10,Low Tax Era,High,1,14.271791713262326,Old (8-12yr),23573.2,Very High,0,1,Small,3,1,4,2,False,False,False,False,False,False,False,False,True,False,True,False,False,True,False,False,False,False,False,True,True,False,True,False,False,False,False,False,False,False,False,False
Prius,2008,757881.0,117879,1000,Grey,20,16,Low Tax Era,Medium,1,13.538282979683018,Vintage (13+yr),7367.4375,High,0,0,Small,2,1,3,2,False,False,False,False,False,False,False,False,True,False,False,False,False,False,False,False,True,False,True,False,True,False,False,False,True,False,False,False,False,False,False,False
Hustler,2017,1058972.0,81115,1000,Blue,7,7,Medium Tax Era,Medium,0,13.872810128507814,Mid (4-7yr),11587.857142857143,Medium,0,0,Small,2,2,2,2,False,False,False,False,False,False,False,True,False,False,False,True,False,False,False,False,False,True,False,False,True,False,False,False,False,False,False,False,False,False,True,False
Vitz,2010,953282.0,107307,1500,Silver,23,14,Low Tax Era,Low,0,13.767667095531307,Vintage (13+yr),7664.785714285715,High,0,0,Small,1,1,3,2,False,False,False,False,False,False,False,False,True,False,False,True,False,True,False,False,False,False,True,False,True,False,False,False,True,False,False,False,False,False,False,False
Camry,2021,4125035.0,30123,1300,Green,11,3,High Tax Era,High,0,15.232585304985562,New (0-3yr),10041.0,Low,0,0,Small,3,3,1,2,False,False,False,False,False,False,False,False,True,False,True,False,False,False,False,True,False,False,True,False,True,False,False,False,False,False,False,False,False,False,True,False
Every,2010,558667.0,133144,2000,Black,23,14,Low Tax Era,Low,0,13.233310657988053,Vintage (13+yr),9510.285714285714,High,0,0,Medium,1,1,3,3,False,False,False,False,False,False,False,True,False,False,False,False,False,False,False,False,True,False,True,False,True,False,False,True,False,False,False,False,False,False,False,False
Ertiga,2019,1463997.0,61120,1800,Blue,5,5,Medium Tax Era,Low,0,14.196681607382242,Mid (4-7yr),12224.0,Medium,0,0,Medium,1,2,2,3,False,False,False,False,False,False,False,True,False,False,False,False,False,False,False,False,True,False,False,True,True,False,False,True,False,False,False,False,False,False,False,False
March,2013,906902.0,175377,800,Black,6,11,Low Tax Era,High,0,13.717790777402401,Old (8-12yr),15943.363636363636,Very High,0,0,Small,3,1,4,2,False,False,False,False,False,False,True,False,False,False,True,False,False,True,False,False,False,False,False,True,True,False,False,False,False,True,False,False,False,False,False,False
Vitz,2013,1514118.0,246280,1500,Grey,24,11,Low Tax Era,High,0,14.230344309626533,Old (8-12yr),22389.090909090908,Very High,0,0,Small,3,1,4,2,False,False,False,False,False,False,False,False,True,False,True,False,False,True,False,False,False,False,False,True,True,False,True,False,False,False,False,False,False,False,False,False
Sorento,2016,1273430.0,116958,1800,White,22,8,Medium Tax Era,Low,0,14.057225390543914,Old (8-12yr),14619.75,High,0,0,Medium,1,2,3,3,False,False,False,True,False,False,False,False,False,False,False,True,False,False,False,True,False,False,True,True,True,False,False,False,True,False,False,False,False,False,False,False
Juke,2015,1407368.0,85641,1000,Black,11,9,Low Tax Era,High,0,14.157232561840281,Old (8-12yr),9515.666666666666,Medium,0,0,Small,3,1,2,2,False,False,False,False,False,False,True,False,False,False,True,False,False,False,False,False,True,False,True,False,True,False,True,False,False,False,False,False,False,False,False,False
Vitz,2022,3819972.0,51018,1300,Silver,23,2,High Tax Era,Medium,0,15.155753912494951,New (0-3yr),25509.0,Medium,0,0,Small,2,3,2,2,False,False,False,False,False,False,False,False,True,False,False,True,False,True,False,False,False,False,True,False,True,False,False,False,True,False,False,False,False,False,False,False
Aqua,2017,2501478.0,45495,1000,White,17,7,Medium Tax Era,High,1,14.732392714912137,Mid (4-7yr),6499.285714285715,Low,0,0,Small,3,2,1,2,False,False,False,False,False,False,False,False,True,False,True,False,False,True,False,False,False,False,True,False,True,False,False,False,False,False,False,False,False,False,False,True
Hustler,2020,2008500.0,38544,1500,White,10,4,High Tax Era,Low,0,14.512899230665344,Mid (4-7yr),9636.0,Low,0,0,Small,1,3,1,2,False,False,False,False,False,False,False,True,False,False,False,False,False,False,False,False,True,False,True,False,True,False,True,False,False,False,False,False,False,False,False,False
Axio,2017,2551079.0,43832,1800,Blue,7,7,Medium Tax Era,High,1,14.752027356883108,Mid (4-7yr),6261.714285714285,Low,0,1,Medium,3,2,1,3,False,False,False,False,False,False,False,False,True,False,True,False,False,False,False,True,False,False,False,True,True,False,False,False,False,False,False,False,False,False,False,True
C200,2018,3860203.0,51814,3500,Black,17,6,Medium Tax Era,Low,0,15.166230589785448,Mid (4-7yr),8635.666666666666,Medium,6,0,Large,1,2,2,4,True,False,False,False,False,False,False,False,False,False,False,True,False,False,False,False,True,False,True,True,False,False,False,False,False,False,False,True,False,False,False,False
Camry,2017,2598999.0,66505,1500,White,24,7,Medium Tax Era,High,0,14.770637313623627,Mid (4-7yr),9500.714285714286,Medium,0,0,Small,3,2,2,2,False,False,False,False,False,False,False,False,True,False,True,False,False,False,False,True,False,False,True,False,True,False,False,False,True,False,False,False,False,False,False,False
Corolla,2017,2529229.0,90726,0,Blue,24,7,Medium Tax Era,Very High,0,14.743425466554417,Mid (4-7yr),12960.857142857143,Medium,0,0,Micro,4,2,2,1,False,False,False,False,False,False,False,False,True,True,False,False,True,False,False,True,False,False,False,False,True,False,True,False,False,False,False,False,False,False,False,False
Insight,2016,1965166.0,64624,2000,White,14,8,Medium Tax Era,High,0,14.491087786951638,Old (8-12yr),8078.0,Medium,0,0,Medium,3,2,2,3,False,True,False,False,False,False,False,False,False,False,True,False,False,True,False,False,False,False,True,True,True,False,True,False,False,False,False,False,False,False,False,False
Hustler,2019,1629267.0,66639,1800,Silver,11,5,Medium Tax Era,Low,0,14.30364139216183,Mid (4-7yr),13327.8,Medium,0,0,Medium,1,2,2,3,False,False,False,False,False,False,False,True,False,False,False,True,False,True,False,False,False,False,True,True,True,False,False,False,False,False,False,True,False,False,False,False
Vezel,2014,1162937.0,137241,2000,Gold,20,10,Low Tax Era,Low,1,13.966460119675624,Old (8-12yr),13724.1,High,0,0,Medium,1,1,3,3,False,True,False,False,False,False,False,False,False,False,False,True,False,False,True,False,False,False,True,False,True,False,False,False,True,False,False,False,False,False,False,False
Tiida,2020,2329525.0,48785,1500,Red,11,4,High Tax Era,Low,0,14.661175371370092,Mid (4-7yr),12196.25,Low,0,0,Small,1,3,1,2,False,False,False,False,False,False,True,False,False,False,False,False,True,False,False,False,False,True,False,False,True,False,True,False,False,False,False,False,False,False,False,False
X5,2011,1396827.0,117201,2500,Black,7,13,Low Tax Era,Low,0,14.149714509685575,Vintage (13+yr),9015.461538461539,High,13,0,Large,1,1,3,4,False,False,False,False,False,False,False,False,False,False,False,False,False,False,True,False,False,False,False,False,False,True,False,False,False,False,False,False,False,False,False,False
Camry,2010,748545.0,143745,1300,White,20,14,Low Tax Era,Medium,0,13.525887937199288,Vintage (13+yr),10267.5,High,0,0,Small,2,1,3,2,False,False,False,False,False,False,False,False,True,False,False,True,True,False,False,True,False,False,True,False,True,False,False,False,True,False,False,False,False,False,False,False
Spacia,2019,1799326.0,54292,1800,White,9,5,Medium Tax Era,High,0,14.402923264063626,Mid (4-7yr),10858.4,Medium,0,0,Medium,3,2,2,3,False,False,False,False,False,False,False,True,False,False,True,False,False,True,False,False,False,False,True,False,True,False,True,False,False,False,False,False,False,False,False,False
Tiida,2016,1285242.0,100726,1500,Brown,12,8,Medium Tax Era,High,0,14.066458363491716,Old (8-12yr),12590.75,High,0,0,Small,3,2,3,2,False,False,False,False,False,False,True,False,False,False,True,False,True,False,False,False,False,False,True,True,True,False,False,True,False,False,False,False,False,False,False,False
Accord,2014,1389090.0,109685,1800,Silver,14,10,Low Tax Era,High,0,14.144160134349303,Old (8-12yr),10968.5,High,0,0,Medium,3,1,3,3,False,True,False,False,False,False,False,False,False,False,True,False,True,True,False,False,False,False,True,True,True,False,False,False,False,False,False,False,True,False,False,False
Allion,2012,977953.0,187044,2000,Blue,5,12,Low Tax Era,Low,0,13.79321791314596,Old (8-12yr),15587.0,Very High,0,0,Medium,1,1,4,3,False,False,False,False,False,False,False,False,True,False,False,True,False,False,False,True,False,False,True,False,True,False,True,False,False,False,False,False,False,False,False,False
Vezel,2021,3931163.0,32948,1800,Silver,13,3,High Tax Era,High,1,15.184446123197963,New (0-3yr),10982.666666666666,Low,0,1,Medium,3,3,1,3,False,False,False,False,False,False,False,False,True,False,True,False,False,False,True,False,False,False,False,False,True,False,False,False,False,False,False,False,False,False,True,False
Corolla,2019,2909875.0,117225,1500,White,22,5,Medium Tax Era,Low,0,14.883621026555923,Mid (4-7yr),23445.0,High,0,0,Small,1,2,3,2,False,False,False,False,False,False,False,False,True,False,False,True,False,False,False,True,False,False,True,False,True,False,False,False,True,False,False,False,False,False,False,False
Premio,2016,2104069.0,49583,1500,White,18,8,Medium Tax Era,Low,0,14.559384122248282,Old (8-12yr),6197.875,Low,0,0,Small,1,2,1,2,False,False,False,False,False,False,False,False,True,False,False,True,False,False,False,True,False,False,False,False,True,False,True,False,False,False,False,False,False,False,False,False
Camry,2016,2103358.0,99902,0,White,19,8,Medium Tax Era,Very High,0,14.559046148627447,Old (8-12yr),12487.75,Medium,0,0,Micro,4,2,2,1,False,False,False,False,False,False,False,False,True,True,False,False,True,False,False,True,False,False,True,False,True,False,True,False,False,False,False,False,False,False,False,False
Vezel,2020,3220618.0,32706,0,White,11,4,High Tax Era,Very High,1,14.985084135070458,Mid (4-7yr),8176.5,Low,0,0,Micro,4,3,1,1,False,True,False,False,False,False,False,False,False,True,False,False,False,False,True,False,False,False,True,False,True,True,False,False,False,False,False,False,False,False,False,False
Sportage,2020,2643704.0,37372,0,Black,7,4,High Tax Era,Very High,0,14.787691900355266,Mid (4-7yr),9343.0,Low,0,0,Micro,4,3,1,1,False,False,False,True,False,False,False,False,False,True,False,False,False,False,False,False,True,False,True,True,True,False,False,False,False,False,False,False,False,False,True,False
Corolla,2017,1828082.0,98959,1500,White,8,7,Medium Tax Era,Low,0,14.418778434779469,Mid (4-7yr),14137.0,Medium,0,0,Small,1,2,2,2,False,False,False,False,False,False,False,False,True,False,False,False,False,False,False,True,False,False,True,True,True,False,False,False,False,False,False,False,True,False,False,False
Prius,2015,1506700.0,98901,1800,Silver,13,9,Low Tax Era,Low,1,14.22543305049129,Old (8-12yr),10989.0,Medium,0,0,Medium,1,1,2,3,False,False,False,False,False,False,False,False,True,False,False,True,False,False,False,False,False,True,True,False,True,False,False,False,False,False,False,True,False,False,False,False
Prius,2018,2852602.0,73005,1300,Red,9,6,Medium Tax Era,High,1,14.863742468743064,Mid (4-7yr),12167.5,Medium,0,0,Small,3,2,2,2,False,False,False,False,False,False,False,False,True,False,True,False,False,True,False,False,False,False,True,True,True,False,False,False,False,False,False,False,False,True,False,False
Every,2015,1013843.0,70562,1300,Silver,8,9,Low Tax Era,High,0,13.829259605143886,Old (8-12yr),7840.222222222223,Medium,0,0,Small,3,1,2,2,False,False,False,False,False,False,False,True,False,False,True,False,False,False,False,False,True,False,False,True,True,False,False,False,False,False,True,False,False,False,False,False
Corolla,2008,698000.0,185585,1300,White,16,16,Low Tax Era,Medium,0,13.455975814408239,Vintage (13+yr),11599.0625,Very High,0,0,Small,2,1,4,2,False,False,False,False,False,False,False,False,True,False,False,False,False,False,False,True,False,False,True,False,True,False,False,False,True,False,False,False,False,False,False,False
Santa Fe,2015,1154486.0,60541,1300,Blue,17,9,Low Tax Era,Medium,0,13.959166647427452,Old (8-12yr),6726.777777777777,Medium,0,0,Small,2,1,2,2,False,False,True,False,False,False,False,False,False,False,False,True,False,True,False,False,False,False,False,True,True,False,True,False,False,False,False,False,False,False,False,False
Civic,2013,1160802.0,248455,2000,White,22,11,Low Tax Era,High,0,13.964622564973311,Old (8-12yr),22586.81818181818,Very High,0,0,Medium,3,1,4,3,False,True,False,False,False,False,False,False,False,False,True,False,True,False,False,True,False,False,False,True,True,True,False,False,False,False,False,False,False,False,False,False
Outlander,2013,955631.0,86041,1800,Blue,13,11,Low Tax Era,Low,0,13.770128180687687,Old (8-12yr),7821.909090909091,Medium,0,0,Medium,1,1,2,3,False,False,False,False,False,True,False,False,False,False,False,False,False,False,True,False,False,False,True,False,True,False,True,False,False,False,False,False,False,False,False,False
Prius,2013,1199706.0,186553,1500,Silver,7,11,Low Tax Era,Low,1,13.997587918278029,Old (8-12yr),16959.363636363636,Very High,0,1,Small,1,1,4,2,False,False,False,False,False,False,False,False,True,False,False,True,False,False,False,True,False,False,False,True,True,False,False,True,False,False,False,False,False,False,False,False
Spacia,2020,1644024.0,32194,1800,White,8,4,High Tax Era,Low,0,14.312658061295291,Mid (4-7yr),8048.5,Low,0,0,Medium,1,3,1,3,False,False,False,False,False,False,False,True,False,False,False,False,True,False,False,True,False,False,False,False,True,False,True,False,False,False,False,False,False,False,False,False
Vitz,2014,1237715.0,213085,1800,White,12,10,Low Tax Era,Low,0,14.028778303648242,Old (8-12yr),21308.5,Very High,0,0,Medium,1,1,4,3,False,False,False,False,False,False,False,False,True,False,False,True,True,True,False,False,False,False,True,False,True,False,False,False,False,False,False,False,False,False,False,False
Celerio,2008,500000.0,221522,1300,Black,13,16,Low Tax Era,Medium,0,13.122365377402328,Vintage (13+yr),13845.125,Very High,0,0,Small,2,1,4,2,False,False,False,False,False,False,False,True,False,False,False,True,False,False,True,False,False,False,True,True,True,False,False,True,False,False,False,False,False,False,False,False
Axela,2013,924467.0,215958,2000,White,17,11,Low Tax Era,Low,0,13.736973715905773,Old (8-12yr),19632.545454545456,Very High,0,0,Medium,1,1,4,3,False,False,False,False,True,False,False,False,False,False,False,False,False,True,False,False,False,False,True,True,True,False,False,False,False,False,False,False,False,True,False,False
Wagon R,2016,1154330.0,49969,660,Silver,21,8,Medium Tax Era,Medium,1,13.959031513345652,Old (8-12yr),6246.125,Low,0,1,Micro,2,2,1,1,False,False,False,False,False,False,False,True,False,False,False,True,True,True,False,False,False,False,False,True,True,False,False,False,False,False,False,True,False,False,False,False
Sorento,2018,2127154.0,45544,2000,Black,7,6,Medium Tax Era,High,0,14.570295964117799,Mid (4-7yr),7590.666666666667,Low,0,0,Medium,3,2,1,3,False,False,False,True,False,False,False,False,False,False,True,False,False,True,False,False,False,False,False,False,True,False,False,False,True,False,False,False,False,False,False,False
Sorento,2021,2455961.0,37760,1000,Black,10,3,High Tax Era,Medium,0,14.71402909581677,New (0-3yr),12586.666666666666,Low,0,0,Small,2,3,1,2,False,False,False,True,False,False,False,False,False,False,False,True,False,False,False,False,True,False,True,False,True,False,False,False,False,False,True,False,False,False,False,False
Vitz,2015,1974904.0,98047,1000,Red,9,9,Low Tax Era,High,0,14.496030853894634,Old (8-12yr),10894.111111111111,Medium,0,0,Small,3,1,2,2,False,False,False,False,False,False,False,False,True,False,True,False,False,True,False,False,False,False,True,True,True,False,False,False,False,False,False,False,True,False,False,False
Prius,2011,971614.0,91560,1500,White,19,13,Low Tax Era,Low,1,13.78671491444302,Vintage (13+yr),7043.076923076923,Medium,0,1,Small,1,1,2,2,False,False,False,False,False,False,False,False,True,False,False,True,False,False,False,False,False,False,False,True,True,False,False,False,False,False,False,False,False,False,True,False
Camry,2011,1004986.0,134943,1300,White,18,13,Low Tax Era,Medium,0,13.820485164068268,Vintage (13+yr),10380.23076923077,High,0,0,Small,2,1,3,2,False,False,False,False,False,False,False,False,True,False,False,True,False,False,False,True,False,False,False,True,True,False,False,False,False,False,False,False,False,True,False,False
Premio,2017,2167597.0,68561,1000,Black,16,7,Medium Tax Era,Medium,0,14.589130199994209,Mid (4-7yr),9794.42857142857,Medium,0,0,Small,2,2,2,2,False,False,False,False,False,False,False,False,True,False,False,False,False,False,False,True,False,False,True,True,True,False,False,False,False,True,False,False,False,False,False,False
Picanto,2010,519403.0,212851,1300,Gold,7,14,Low Tax Era,Medium,0,13.160437279374817,Vintage (13+yr),15203.642857142857,Very High,0,0,Small,2,1,4,2,False,False,False,True,False,False,False,False,False,False,False,True,True,False,False,False,False,False,False,True,True,False,False,False,False,True,False,False,False,False,False,False
Celerio,2017,1225021.0,76445,1800,Brown,11,7,Medium Tax Era,Low,0,14.018469360983374,Mid (4-7yr),10920.714285714286,Medium,0,0,Medium,1,2,2,3,False,False,False,False,False,False,False,True,False,False,False,False,True,False,True,False,False,False,True,False,True,False,True,False,False,False,False,False,False,False,False,False
Allion,2017,2301498.0,63806,1000,White,5,7,Medium Tax Era,High,0,14.6490712077401,Mid (4-7yr),9115.142857142857,Medium,0,0,Small,3,2,2,2,False,False,False,False,False,False,False,False,True,False,True,False,False,False,False,True,False,False,True,True,True,False,False,False,False,False,False,False,False,False,False,True
Atenza,2017,1845657.0,73688,2000,Blue,24,7,Medium Tax Era,Low,0,14.428346411442387,Mid (4-7yr),10526.857142857143,Medium,0,0,Medium,1,2,2,3,False,False,False,False,True,False,False,False,False,False,False,True,False,True,False,False,False,False,True,False,True,False,False,False,True,False,False,False,False,False,False,False
Spacia,2020,2488932.0,50031,1300,White,20,4,High Tax Era,High,0,14.72736466254628,Mid (4-7yr),12507.75,Medium,0,0,Small,3,3,2,2,False,False,False,False,False,False,False,True,False,False,True,False,False,False,False,False,True,False,True,False,True,False,False,False,False,True,False,False,False,False,False,False
Prius,2008,584127.0,222001,1300,Red,22,16,Low Tax Era,Medium,1,13.277875415876549,Vintage (13+yr),13875.0625,Very High,0,0,Small,2,1,4,2,False,False,False,False,False,False,False,False,True,False,False,True,False,False,False,False,True,False,True,True,True,False,False,False,True,False,False,False,False,False,False,False
Demio,2009,623117.0,136630,1300,White,21,15,Low Tax Era,Medium,0,13.342491185934039,Vintage (13+yr),9108.666666666666,High,0,0,Small,2,1,3,2,False,False,False,False,True,False,False,False,False,False,False,True,False,True,False,False,False,False,True,False,True,False,False,False,False,True,False,False,False,False,False,False
Alto,2016,1253768.0,103645,660,Silver,13,8,Medium Tax Era,High,1,14.041664772679844,Old (8-12yr),12955.625,High,0,1,Micro,3,2,3,1,False,False,False,False,False,False,False,True,False,False,True,False,False,True,False,False,False,False,False,True,True,False,False,False,True,False,False,False,False,False,False,False
Wagon R,2021,2534537.0,43997,660,White,21,3,High Tax Era,High,1,14.74552192987743,New (0-3yr),14665.666666666666,Low,0,0,Micro,3,3,1,1,False,False,False,False,False,False,False,True,False,False,True,False,False,True,False,False,False,False,True,False,True,False,True,False,False,False,False,False,False,False,False,False
Camry,2014,1107257.0,213922,1800,White,6,10,Low Tax Era,Low,0,13.91739724686659,Old (8-12yr),21392.2,Very High,0,0,Medium,1,1,4,3,False,False,False,False,False,False,False,False,True,False,False,False,True,False,False,True,False,False,True,True,True,False,True,False,False,False,False,False,False,False,False,False
Freed,2015,1480399.0,111621,2000,Grey,18,9,Low Tax Era,Low,0,14.207822879494138,Old (8-12yr),12402.333333333334,High,0,0,Medium,1,1,3,3,False,True,False,False,False,False,False,False,False,False,False,True,False,False,False,False,True,False,True,True,True,False,False,False,False,False,False,False,False,False,False,True
Camry,2015,1708087.0,82719,1300,Black,24,9,Low Tax Era,Medium,0,14.35088517425167,Old (8-12yr),9191.0,Medium,0,0,Small,2,1,2,2,False,False,False,False,False,False,False,False,True,False,False,True,False,False,False,True,False,False,True,False,True,False,False,False,False,False,True,False,False,False,False,False
Camry,2016,2145825.0,49107,2000,Grey,11,8,Medium Tax Era,High,0,14.579035117804452,Old (8-12yr),6138.375,Low,0,0,Medium,3,2,1,3,False,False,False,False,False,False,False,False,True,False,True,False,False,False,False,True,False,False,True,False,True,False,False,False,True,False,False,False,False,False,False,False
Premio,2013,1482696.0,199324,1300,White,23,11,Low Tax Era,High,0,14.209373284668263,Old (8-12yr),18120.363636363636,Very High,0,0,Small,3,1,4,2,False,False,False,False,False,False,False,False,True,False,True,False,False,False,False,True,False,False,True,False,True,False,False,False,False,False,False,False,True,False,False,False
Swift,2019,1660870.0,117028,1300,Black,11,5,Medium Tax Era,High,1,14.322852721521626,Mid (4-7yr),23405.6,High,0,0,Small,3,2,3,2,False,False,False,False,False,False,False,True,False,False,True,False,False,True,False,False,False,False,True,False,True,False,False,False,False,False,True,False,False,False,False,False
CH-R,2013,1209830.0,178185,2000,Black,8,11,Low Tax Era,High,0,14.005991238396755,Old (8-12yr),16198.636363636364,Very High,0,0,Medium,3,1,4,3,False,False,False,False,False,False,False,False,True,False,True,False,False,False,True,False,False,False,True,True,True,False,False,False,True,False,False,False,False,False,False,False
Wagon R,2022,3010858.0,27388,1000,Grey,18,2,High Tax Era,High,1,14.917735978071144,New (0-3yr),13694.0,Low,0,0,Small,3,3,1,2,False,False,False,False,False,False,False,True,False,False,True,False,False,True,False,False,False,False,True,True,True,False,False,False,True,False,False,False,False,False,False,False
Prius,2014,1257123.0,82972,1800,White,10,10,Low Tax Era,Low,1,14.04433713028062,Old (8-12yr),8297.2,Medium,0,0,Medium,1,1,2,3,False,False,False,False,False,False,False,False,True,False,False,True,False,False,False,False,False,False,True,False,True,False,False,False,False,False,False,False,False,True,False,False
Vezel,2018,2887831.0,41313,0,White,15,6,Medium Tax Era,Very High,1,14.87601660555766,Mid (4-7yr),6885.5,Low,0,0,Micro,4,2,1,1,False,False,False,False,False,False,False,False,True,True,False,False,False,False,True,False,False,False,True,False,True,False,True,False,False,False,False,False,False,False,False,False
Juke,2020,2269296.0,22637,1300,Silver,17,4,High Tax Era,Medium,0,14.634980649863273,Mid (4-7yr),5659.25,Low,0,0,Small,2,3,1,2,False,False,False,False,False,False,True,False,False,False,False,True,False,False,False,False,True,False,True,False,True,False,False,False,True,False,False,False,False,False,False,False
Allion,2019,2333266.0,78192,1300,White,11,5,Medium Tax Era,Medium,0,14.66277998937595,Mid (4-7yr),15638.4,Medium,0,0,Small,2,2,2,2,False,False,False,False,False,False,False,False,True,False,False,True,False,False,False,True,False,False,True,False,True,False,False,False,False,False,False,False,False,True,False,False
Grace,2021,4224826.0,20609,1800,Green,23,3,High Tax Era,High,0,15.256488871189509,New (0-3yr),6869.666666666667,Low,0,0,Medium,3,3,1,3,False,True,False,False,False,False,False,False,False,False,True,False,False,False,False,True,False,False,True,True,True,False,False,True,False,False,False,False,False,False,False,False
Vezel,2015,1457100.0,42413,1000,Red,24,9,Low Tax Era,Medium,1,14.191959403296405,Old (8-12yr),4712.555555555556,Low,0,1,Small,2,1,1,2,False,True,False,False,False,False,False,False,False,False,False,True,False,False,True,False,False,False,False,True,True,False,False,False,False,False,False,False,True,False,False,False
City,2012,951507.0,138703,1800,Green,20,12,Low Tax Era,Low,0,13.76580337346019,Old (8-12yr),11558.583333333334,High,0,0,Medium,1,1,3,3,False,True,False,False,False,False,False,False,False,False,False,False,False,False,True,False,False,False,True,False,True,False,False,False,False,False,False,False,False,False,False,False
Atenza,2012,997149.0,93777,1500,Brown,6,12,Low Tax Era,High,0,13.812656488981368,Old (8-12yr),7814.75,Medium,0,0,Small,3,1,2,2,False,False,False,False,True,False,False,False,False,False,True,False,False,False,True,False,False,False,True,True,True,False,False,False,False,False,False,False,True,False,False,False
CX-5,2018,2169673.0,54779,2000,White,12,6,Medium Tax Era,High,0,14.590087483816177,Mid (4-7yr),9129.833333333334,Medium,0,0,Medium,3,2,2,3,False,False,False,False,True,False,False,False,False,False,True,False,False,False,True,False,False,False,True,False,True,False,False,False,False,False,False,False,False,False,False,True
Vezel,2021,3991308.0,39161,1300,Grey,18,3,High Tax Era,Medium,1,15.199629805238231,New (0-3yr),13053.666666666666,Low,0,1,Small,2,3,1,2,False,False,False,False,False,False,False,False,True,False,False,False,False,False,True,False,False,False,False,False,True,False,False,False,True,False,False,False,False,False,False,False
Vezel,2009,827989.0,181026,2000,Blue,21,15,Low Tax Era,Low,1,13.62675635599978,Vintage (13+yr),12068.4,Very High,0,0,Medium,1,1,4,3,False,False,False,False,False,False,False,False,True,False,False,False,False,False,True,False,False,False,True,True,True,False,False,False,True,False,False,False,False,False,False,False
Spacia,2013,877522.0,180128,0,Red,17,11,Low Tax Era,Very High,0,13.68485844480487,Old (8-12yr),16375.272727272728,Very High,0,0,Micro,4,1,4,1,False,False,False,False,False,False,False,True,False,True,False,False,True,False,False,False,False,True,True,False,True,False,True,False,False,False,False,False,False,False,False,False
Spacia,2016,1408188.0,40968,0,Black,8,8,Medium Tax Era,Very High,0,14.157815039646234,Old (8-12yr),5121.0,Low,0,0,Micro,4,2,1,1,False,False,False,False,False,False,False,True,False,True,False,False,False,False,False,False,True,False,False,False,True,False,True,False,False,False,False,False,False,False,False,False
CH-R,2011,931833.0,102912,1800,Blue,8,13,Low Tax Era,Low,0,13.744909966215992,Vintage (13+yr),7916.307692307692,High,0,0,Medium,1,1,3,3,False,False,False,False,False,False,False,False,True,False,False,True,False,False,True,False,False,False,True,False,True,False,False,False,False,False,False,False,True,False,False,False
CX-3,2022,3230378.0,41336,1800,Black,13,2,High Tax Era,Low,0,14.988110025776638,New (0-3yr),20668.0,Low,0,0,Medium,1,3,1,3,False,False,False,False,True,False,False,False,False,False,False,True,True,False,True,False,False,False,True,False,True,False,False,False,False,False,True,False,False,False,False,False
CH-R,2010,800356.0,197399,2000,Black,5,14,Low Tax Era,Low,0,13.592813157110145,Vintage (13+yr),14099.92857142857,Very High,0,0,Medium,1,1,4,3,False,False,False,False,False,False,False,False,True,False,False,False,False,False,True,False,False,False,True,False,True,False,False,False,False,False,False,False,False,True,False,False
Fit,2012,1130465.0,87903,0,Gold,15,12,Low Tax Era,Very High,1,13.938140495059924,Old (8-12yr),7325.25,Medium,0,0,Micro,4,1,2,1,False,True,False,False,False,False,False,False,False,True,False,False,False,True,False,False,False,False,True,False,True,False,False,False,False,False,False,False,False,False,False,True
Corolla,2018,2905706.0,43650,0,Red,5,6,Medium Tax Era,Very High,0,14.8821872921516,Mid (4-7yr),7275.0,Low,0,0,Micro,4,2,1,1,False,False,False,False,False,False,False,False,True,True,False,False,False,False,False,True,False,False,False,False,True,False,False,False,False,False,False,True,False,False,False,False
E250,2016,3572712.0,46895,3500,Gold,20,8,Medium Tax Era,Low,0,15.088835809122198,Old (8-12yr),5861.875,Low,8,0,Large,1,2,1,4,True,False,False,False,False,False,False,False,False,False,False,False,True,False,False,True,False,False,True,False,False,False,False,False,False,False,False,False,False,True,False,False
Vitz,2015,2052987.0,110248,1800,Black,16,9,Low Tax Era,High,0,14.534806850879264,Old (8-12yr),12249.777777777777,High,0,0,Medium,3,1,3,3,False,False,False,False,False,False,False,False,True,False,True,False,False,True,False,False,False,False,False,True,True,False,False,False,True,False,False,False,False,False,False,False
Juke,2016,1445357.0,68074,1000,Black,24,8,Medium Tax Era,Medium,0,14.183867599708543,Old (8-12yr),8509.25,Medium,0,0,Small,2,2,2,2,False,False,False,False,False,False,True,False,False,False,False,True,False,False,False,False,False,False,False,False,True,False,False,False,True,False,False,False,False,False,False,False
i10,2016,1499282.0,73349,1000,White,24,8,Medium Tax Era,High,0,14.22049755179402,Old (8-12yr),9168.625,Medium,0,0,Small,3,2,2,2,False,False,True,False,False,False,False,False,False,False,True,False,False,True,False,False,False,False,True,True,True,False,False,True,False,False,False,False,False,False,False,False
Grace,2023,4364980.125,2409,1800,White,18,1,High Tax Era,High,0,15.28912442307696,New (0-3yr),2409.0,Low,0,0,Medium,3,3,1,3,False,True,False,False,False,False,False,False,False,False,True,False,False,False,False,True,False,False,True,True,True,True,False,False,False,False,False,False,False,False,False,False
Axio,2013,1281371.0,169299,1800,Red,17,11,Low Tax Era,Low,1,14.06344193684796,Old (8-12yr),15390.818181818182,Very High,0,1,Medium,1,1,4,3,False,False,False,False,False,False,False,False,True,False,False,False,False,False,False,True,False,False,False,True,True,False,False,False,False,False,True,False,False,False,False,False
Aqua,2019,3087176.0,111327,1500,Silver,12,5,Medium Tax Era,High,1,14.942767639061183,Mid (4-7yr),22265.4,High,0,0,Small,3,2,3,2,False,False,False,False,False,False,False,False,True,False,True,False,False,True,False,False,False,False,True,False,True,False,False,False,False,False,False,False,True,False,False,False
Axio,2017,2377729.0,115956,1300,White,17,7,Medium Tax Era,High,1,14.68165680899604,Mid (4-7yr),16565.14285714286,High,0,0,Small,3,2,3,2,False,False,False,False,False,False,False,False,True,False,True,False,False,False,False,True,False,False,True,True,True,False,False,False,False,False,False,False,False,True,False,False
Wagon R,2015,911833.0,67412,660,Silver,11,9,Low Tax Era,Medium,1,13.723213234945405,Old (8-12yr),7490.222222222223,Medium,0,0,Micro,2,1,2,1,False,False,False,False,False,False,False,True,False,False,False,True,False,True,False,False,False,False,True,False,True,False,False,True,False,False,False,False,False,False,False,False
Axio,2019,2881431.0,108827,0,Blue,11,5,Medium Tax Era,Very High,1,14.873797950760343,Mid (4-7yr),21765.4,High,0,1,Micro,4,2,3,1,False,False,False,False,False,False,False,False,True,True,False,False,True,False,False,True,False,False,False,False,True,False,True,False,False,False,False,False,False,False,False,False
Mazda 3,2020,2815283.0,37401,1300,White,21,4,High Tax Era,Medium,0,14.850573702566534,Mid (4-7yr),9350.25,Low,0,0,Small,2,3,1,2,False,False,False,False,True,False,False,False,False,False,False,True,False,False,False,False,True,False,True,True,True,False,False,False,False,False,False,False,False,True,False,False
Juke,2015,1425005.0,47244,1500,Silver,15,9,Low Tax Era,High,0,14.16968658220234,Old (8-12yr),5249.333333333333,Low,0,0,Small,3,1,1,2,False,False,False,False,False,False,True,False,False,False,True,False,False,False,False,False,False,False,True,True,True,False,True,False,False,False,False,False,False,False,False,False
Grace,2022,4364980.125,51664,0,Black,22,2,High Tax Era,Very High,0,15.28912442307696,New (0-3yr),25832.0,Medium,0,0,Micro,4,3,2,1,False,True,False,False,False,False,False,False,False,True,False,False,False,False,False,True,False,False,True,False,True,False,True,False,False,False,False,False,False,False,False,False
Leaf,2016,1150001.0,113664,1500,White,6,8,Medium Tax Era,Low,0,13.955274239468356,Old (8-12yr),14208.0,High,0,0,Small,1,2,3,2,False,False,False,False,False,False,True,False,False,False,False,True,False,False,False,True,False,False,True,False,True,False,False,False,False,False,False,False,False,False,False,True
Allion,2019,3165867.0,119332,1800,Green,18,5,Medium Tax Era,Low,0,14.96793782556592,Mid (4-7yr),23866.4,High,0,0,Medium,1,2,3,3,False,False,False,False,False,False,False,False,True,False,False,False,False,False,False,True,False,False,True,False,True,False,True,False,False,False,False,False,False,False,False,False
Vezel,2017,2302598.0,50514,0,Black,5,7,Medium Tax Era,Very High,1,14.649549042929937,Mid (4-7yr),7216.285714285715,Medium,0,0,Micro,4,2,2,1,False,False,False,False,False,False,False,False,True,True,False,False,False,False,True,False,False,False,True,True,True,False,False,False,False,False,False,False,False,False,True,False
Corolla,2016,2348864.0,110382,1500,Brown,21,8,Medium Tax Era,High,0,14.669442790725146,Old (8-12yr),13797.75,High,0,0,Small,3,2,3,2,False,False,False,False,False,False,False,False,True,False,True,False,False,False,False,True,False,False,True,True,True,False,True,False,False,False,False,False,False,False,False,False
City,2015,1638278.0,77066,1300,White,17,9,Low Tax Era,High,0,14.30915685856103,Old (8-12yr),8562.888888888889,Medium,0,0,Small,3,1,2,2,False,True,False,False,False,False,False,False,False,False,True,False,False,False,True,False,False,False,False,False,True,False,False,False,False,False,False,False,False,False,False,False
Grace,2018,2417702.0,55438,2000,Green,16,6,Medium Tax Era,High,0,14.698328473828683,Mid (4-7yr),9239.666666666666,Medium,0,0,Medium,3,2,2,3,False,True,False,False,False,False,False,False,False,False,True,False,False,False,False,True,False,False,False,False,True,False,False,False,False,False,False,False,False,False,False,True
Prius,2018,2227013.0,78179,1300,Silver,13,6,Medium Tax Era,Medium,1,14.616172232703804,Mid (4-7yr),13029.833333333334,Medium,0,0,Small,2,2,2,2,False,False,False,False,False,False,False,False,True,False,False,True,False,False,False,True,False,False,True,False,True,False,False,False,True,False,False,False,False,False,False,False
City,2019,2847445.0,51586,2000,Black,19,5,Medium Tax Era,Low,0,14.861933010120143,Mid (4-7yr),10317.2,Medium,0,0,Medium,1,2,2,3,False,True,False,False,False,False,False,False,False,False,False,True,False,False,False,False,True,False,False,False,True,False,True,False,False,False,False,False,False,False,False,False
Vezel,2015,1825745.0,47833,2000,White,24,9,Low Tax Era,Low,1,14.417499228599496,Old (8-12yr),5314.777777777777,Low,0,0,Medium,1,1,1,3,False,False,False,False,False,False,False,False,True,False,False,True,False,False,True,False,False,False,True,True,True,False,False,True,False,False,False,False,False,False,False,False
Allion,2014,1373958.0,165395,1000,Blue,17,10,Low Tax Era,Medium,0,14.133206911435662,Old (8-12yr),16539.5,Very High,0,0,Small,2,1,4,2,False,False,False,False,False,False,False,False,True,False,False,True,False,False,False,True,False,False,True,True,True,False,False,False,False,True,False,False,False,False,False,False
Spacia,2017,1394883.0,89573,1500,Black,15,7,Medium Tax Era,High,0,14.148321815658244,Mid (4-7yr),12796.142857142857,Medium,0,0,Small,3,2,2,2,False,False,False,False,False,False,False,True,False,False,True,False,False,False,True,False,False,False,True,True,True,False,False,False,False,False,False,False,False,False,True,False
Montero,2013,794526.0,234030,1300,White,11,11,Low Tax Era,Medium,0,13.585502248018985,Old (8-12yr),21275.454545454544,Very High,0,0,Small,2,1,4,2,False,False,False,False,False,True,False,False,False,False,False,True,False,True,False,False,False,False,False,False,True,False,False,False,True,False,False,False,False,False,False,False
Vitz,2016,2563609.0,43632,1500,White,22,8,Medium Tax Era,High,0,14.756926979369151,Old (8-12yr),5454.0,Low,0,0,Small,3,2,1,2,False,False,False,False,False,False,False,False,True,False,True,False,False,True,False,False,False,False,False,True,True,False,False,False,False,False,False,False,False,False,False,False
Axela,2012,800209.0,226479,2000,White,12,12,Low Tax Era,Low,0,13.592629472202967,Old (8-12yr),18873.25,Very High,0,0,Medium,1,1,4,3,False,False,False,False,True,False,False,False,False,False,False,False,False,False,False,True,False,False,False,False,True,False,False,False,False,False,False,False,False,False,False,False
X1,2016,2213026.0,112379,3000,White,6,8,Medium Tax Era,Low,0,14.609871819591385,Old (8-12yr),14047.375,High,8,0,Large,1,2,3,4,False,False,False,False,False,False,False,False,False,False,False,True,True,False,False,False,False,True,True,True,False,False,False,False,False,False,True,False,False,False,False,False
Leaf,2017,1591821.0,87078,2000,White,13,7,Medium Tax Era,High,0,14.280389830090142,Mid (4-7yr),12439.714285714286,Medium,0,0,Medium,3,2,2,3,False,False,False,False,False,False,True,False,False,False,True,False,True,False,False,True,False,False,True,True,True,True,False,False,False,False,False,False,False,False,False,False
Corolla,2012,1158063.0,108549,1800,White,6,12,Low Tax Era,High,0,13.96226020329081,Old (8-12yr),9045.75,High,0,0,Medium,3,1,3,3,False,False,False,False,False,False,False,False,True,False,True,False,True,False,False,True,False,False,True,False,True,False,False,False,False,False,False,False,True,False,False,False
Rio,2013,968585.0,126926,2000,Blue,10,11,Low Tax Era,Low,0,13.78359255499589,Old (8-12yr),11538.727272727272,High,0,0,Medium,1,1,3,3,False,False,False,True,False,False,False,False,False,False,False,True,False,False,False,False,True,False,False,False,True,False,True,False,False,False,False,False,False,False,False,False
Alto,2017,1261167.0,74470,660,Red,6,7,Medium Tax Era,Medium,1,14.047548833670193,Mid (4-7yr),10638.57142857143,Medium,0,0,Micro,2,2,2,1,False,False,False,False,False,False,False,True,False,False,False,False,False,True,False,False,False,False,True,True,True,False,False,False,True,False,False,False,False,False,False,False
Demio,2015,1328826.0,82249,1000,Green,17,9,Low Tax Era,Medium,0,14.099807156159681,Old (8-12yr),9138.777777777777,Medium,0,0,Small,2,1,2,2,False,False,False,False,True,False,False,False,False,False,False,False,False,True,False,False,False,False,False,True,True,False,False,False,True,False,False,False,False,False,False,False
Every,2017,1386637.0,95612,1000,Red,21,7,Medium Tax Era,Medium,0,14.142392670278722,Mid (4-7yr),13658.857142857143,Medium,0,0,Small,2,2,2,2,False,False,False,False,False,False,False,True,False,False,False,False,False,False,False,False,True,False,True,True,True,False,False,False,True,False,False,False,False,False,False,False
Montero,2011,596224.0,214275,1500,Red,10,13,Low Tax Era,Low,0,13.29837339158448,Vintage (13+yr),16482.69230769231,Very High,0,0,Small,1,1,4,2,False,False,False,False,False,True,False,False,False,False,False,True,True,False,False,True,False,False,False,False,True,False,False,False,False,False,False,False,False,True,False,False
Camry,2011,826950.0,241792,2000,Black,23,13,Low Tax Era,Low,0,13.625500721948162,Vintage (13+yr),18599.384615384617,Very High,0,0,Medium,1,1,4,3,False,False,False,False,False,False,False,False,True,False,False,True,True,False,False,True,False,False,True,False,True,False,False,False,True,False,False,False,False,False,False,False
Insight,2014,1414194.0,221203,0,Blue,8,10,Low Tax Era,Very High,0,14.162071022578216,Old (8-12yr),22120.3,Very High,0,0,Micro,4,1,4,1,False,True,False,False,False,False,False,False,False,True,False,False,False,True,False,False,False,False,False,True,True,False,False,True,False,False,False,False,False,False,False,False
Hustler,2013,733556.0,221167,1500,Green,15,11,Low Tax Era,Low,0,13.50566058315739,Old (8-12yr),20106.090909090908,Very High,0,0,Small,1,1,4,2,False,False,False,False,False,False,False,True,False,False,False,False,False,False,False,True,False,False,True,False,True,False,False,True,False,False,False,False,False,False,False,False
Vitz,2020,2742407.0,37686,2000,White,13,4,High Tax Era,Low,0,14.824346924534202,Mid (4-7yr),9421.5,Low,0,0,Medium,1,3,1,3,False,False,False,False,False,False,False,False,True,False,False,True,False,True,False,False,False,False,True,True,True,False,False,False,True,False,False,False,False,False,False,False
Freed,2014,1306316.0,84922,1300,White,7,10,Low Tax Era,Medium,0,14.082722285245904,Old (8-12yr),8492.2,Medium,0,0,Small,2,1,2,2,False,True,False,False,False,False,False,False,False,False,False,False,False,False,False,False,True,False,True,True,True,False,False,False,False,False,False,False,False,False,False,True
Vitz,2011,1062189.0,95248,2000,Red,21,13,Low Tax Era,Low,0,13.875843372503224,Vintage (13+yr),7326.7692307692305,Medium,0,0,Medium,1,1,2,3,False,False,False,False,False,False,False,False,True,False,False,True,False,True,False,False,False,False,True,False,True,False,False,False,False,False,False,True,False,False,False,False
Montero,2019,2239835.0,49425,1500,Black,8,5,Medium Tax Era,Low,0,14.621913206865212,Mid (4-7yr),9885.0,Low,0,0,Small,1,2,1,2,False,False,False,False,False,True,False,False,False,False,False,False,False,False,False,False,True,False,True,False,True,False,False,False,False,False,False,False,False,False,False,True
Mazda 3,2020,3383636.0,31331,0,Silver,16,4,High Tax Era,Very High,0,15.03446172445092,Mid (4-7yr),7832.75,Low,0,0,Micro,4,3,1,1,False,False,False,False,True,False,False,False,False,True,False,False,False,False,True,False,False,False,True,False,True,False,False,False,True,False,False,False,False,False,False,False
Hustler,2020,1807322.0,31218,1800,Silver,10,4,High Tax Era,Low,0,14.407357302908856,Mid (4-7yr),7804.5,Low,0,0,Medium,1,3,1,3,False,False,False,False,False,False,False,True,False,False,False,True,False,False,True,False,False,False,True,False,True,False,False,False,False,False,False,True,False,False,False,False
Alto,2011,583000.0,136176,660,Silver,18,13,Low Tax Era,Medium,1,13.275944180597024,Vintage (13+yr),10475.076923076924,High,0,0,Micro,2,1,3,1,False,False,False,False,False,False,False,True,False,False,False,True,False,True,False,False,False,False,True,True,True,False,False,False,False,False,False,False,False,False,False,True
Aqua,2019,2513900.0,90621,1300,Black,24,5,Medium Tax Era,Medium,1,14.737346287881998,Mid (4-7yr),18124.2,Medium,0,0,Small,2,2,2,2,False,False,False,False,False,False,False,False,True,False,False,True,True,True,False,False,False,False,True,True,True,False,False,False,False,False,False,False,False,False,False,False
Every,2014,1075168.0,244797,0,White,18,10,Low Tax Era,Very High,0,13.887988416490138,Old (8-12yr),24479.7,Very High,0,0,Micro,4,1,4,1,False,False,False,False,False,False,False,True,False,True,False,False,False,False,False,False,True,False,True,False,True,False,False,False,False,False,True,False,False,False,False,False
CX-5,2010,640861.0,241855,1800,Red,23,14,Low Tax Era,Low,0,13.370569424113343,Vintage (13+yr),17275.35714285714,Very High,0,0,Medium,1,1,4,3,False,False,False,False,True,False,False,False,False,False,False,True,False,False,True,False,False,False,True,False,True,False,False,False,False,False,False,False,False,False,False,True
Ertiga,2015,996762.0,119944,2000,Blue,5,9,Low Tax Era,High,0,13.81226830754631,Old (8-12yr),13327.111111111111,High,0,0,Medium,3,1,3,3,False,False,False,False,False,False,False,True,False,False,True,False,False,False,False,True,False,False,False,False,True,False,False,False,True,False,False,False,False,False,False,False
Allion,2017,2684903.0,100776,1000,Red,19,7,Medium Tax Era,High,0,14.803155531095962,Mid (4-7yr),14396.57142857143,High,0,0,Small,3,2,3,2,False,False,False,False,False,False,False,False,True,False,True,False,False,False,False,True,False,False,True,False,True,False,True,False,False,False,False,False,False,False,False,False
Allion,2013,1281369.0,149672,1500,Black,24,11,Low Tax Era,Low,0,14.063440376019754,Old (8-12yr),13606.545454545454,High,0,0,Small,1,1,3,2,False,False,False,False,False,False,False,False,True,False,False,True,False,False,False,True,False,False,False,True,True,False,True,False,False,False,False,False,False,False,False,False
March,2021,2870929.0,15652,1000,White,13,3,High Tax Era,High,0,14.870146577057442,New (0-3yr),5217.333333333333,Low,0,0,Small,3,3,1,2,False,False,False,False,False,False,True,False,False,False,True,False,False,True,False,False,False,False,False,True,True,False,False,False,False,False,False,False,True,False,False,False
Fit,2016,1897706.0,97745,0,Black,13,8,Medium Tax Era,Very High,1,14.456156873211032,Old (8-12yr),12218.125,Medium,0,1,Micro,4,2,2,1,False,True,False,False,False,False,False,False,False,True,False,False,False,True,False,False,False,False,False,False,True,False,False,False,True,False,False,False,False,False,False,False
i10,2018,1908970.0,53663,1000,Black,22,6,Medium Tax Era,Medium,0,14.462074911392916,Mid (4-7yr),8943.833333333334,Medium,0,0,Small,2,2,2,2,False,False,True,False,False,False,False,False,False,False,False,True,False,False,True,False,False,False,False,False,True,False,False,True,False,False,False,False,False,False,False,False
Spacia,2020,2280538.0,30704,0,White,12,4,High Tax Era,Very High,0,14.63992237650049,Mid (4-7yr),7676.0,Low,0,0,Micro,4,3,1,1,False,False,False,False,False,False,False,True,False,True,False,False,False,False,False,False,True,False,True,True,True,False,False,False,False,False,False,False,True,False,False,False
Axio,2016,2099346.0,92551,2000,Silver,21,8,Medium Tax Era,Low,1,14.557136901956984,Old (8-12yr),11568.875,Medium,0,0,Medium,1,2,2,3,False,False,False,False,False,False,False,False,True,False,False,False,False,False,False,True,False,False,True,False,True,False,True,False,False,False,False,False,False,False,False,False
Allion,2015,2173344.0,84225,1500,White,24,9,Low Tax Era,High,0,14.591778013318477,Old (8-12yr),9358.333333333334,Medium,0,0,Small,3,1,2,2,False,False,False,False,False,False,False,False,True,False,True,False,False,False,False,True,False,False,True,True,True,False,False,False,True,False,False,False,False,False,False,False
Celerio,2015,1071994.0,103294,1000,Silver,24,9,Low Tax Era,Medium,0,13.885031956422903,Old (8-12yr),11477.111111111111,High,0,0,Small,2,1,3,2,False,False,False,False,False,False,False,True,False,False,False,False,False,False,False,False,False,False,True,False,True,False,True,False,False,False,False,False,False,False,False,False
Wagon R,2013,891164.0,149103,0,White,9,11,Low Tax Era,Very High,1,13.700284874493471,Old (8-12yr),13554.818181818182,High,0,0,Micro,4,1,3,1,False,False,False,False,False,False,False,True,False,True,False,False,True,True,False,False,False,False,True,False,True,False,True,False,False,False,False,False,False,False,False,False
Outlander,2008,500000.0,176636,2000,White,5,16,Low Tax Era,Low,0,13.122365377402328,Vintage (13+yr),11039.75,Very High,0,0,Medium,1,1,4,3,False,False,False,False,False,True,False,False,False,False,False,True,True,False,True,False,False,False,True,False,True,False,False,False,False,False,False,False,False,False,False,True
Prius,2021,4180920.0,17801,1300,White,7,3,High Tax Era,High,1,15.246042115158993,New (0-3yr),5933.666666666667,Low,0,1,Small,3,3,1,2,False,False,False,False,False,False,False,False,True,False,True,False,False,False,True,False,False,False,False,False,True,False,False,False,False,False,False,False,True,False,False,False
Celerio,2013,733328.0,206839,2000,White,6,11,Low Tax Era,High,0,13.505349720552067,Old (8-12yr),18803.545454545456,Very High,0,0,Medium,3,1,4,3,False,False,False,False,False,False,False,True,False,False,True,False,False,False,False,True,False,False,True,True,True,False,False,False,False,False,False,False,True,False,False,False
Lancer,2014,1090640.0,217605,1300,Red,10,10,Low Tax Era,Medium,0,13.902276154752425,Old (8-12yr),21760.5,Very High,0,0,Small,2,1,4,2,False,False,False,False,False,True,False,False,False,False,False,False,False,False,False,False,False,False,True,False,True,False,False,False,False,False,False,False,True,False,False,False
Axio,2015,1991524.0,41754,2000,Black,21,9,Low Tax Era,Low,1,14.504411234876788,Old (8-12yr),4639.333333333333,Low,0,1,Medium,1,1,1,3,False,False,False,False,False,False,False,False,True,False,False,False,False,False,False,True,False,False,False,True,True,False,False,False,False,False,False,False,False,False,False,True
Allion,2013,1320039.0,247022,1300,Red,20,11,Low Tax Era,Medium,0,14.093172597133728,Old (8-12yr),22456.545454545456,Very High,0,0,Small,2,1,4,2,False,False,False,False,False,False,False,False,True,False,False,True,False,False,False,True,False,False,False,False,True,False,True,False,False,False,False,False,False,False,False,False
Wagon R,2013,592124.0,122503,1000,Brown,9,11,Low Tax Era,Medium,1,13.291473040226053,Old (8-12yr),11136.636363636364,High,0,0,Small,2,1,3,2,False,False,False,False,False,False,False,True,False,False,False,True,True,True,False,False,False,False,True,True,True,False,False,True,False,False,False,False,False,False,False,False
Celerio,2015,1118335.0,85798,2000,Red,24,9,Low Tax Era,High,0,13.927352424217712,Old (8-12yr),9533.111111111111,Medium,0,0,Medium,3,1,2,3,False,False,False,False,False,False,False,True,False,False,True,False,False,False,False,False,False,False,True,False,True,False,False,False,False,False,False,False,True,False,False,False
Celerio,2013,774767.0,228362,1800,Black,20,11,Low Tax Era,High,0,13.56031890868117,Old (8-12yr),20760.18181818182,Very High,0,0,Medium,3,1,4,3,False,False,False,False,False,False,False,True,False,False,True,False,True,False,False,False,False,True,False,False,True,False,True,False,False,False,False,False,False,False,False,False
March,2017,1406617.0,107643,800,Brown,11,7,Medium Tax Era,Medium,0,14.156698799589192,Mid (4-7yr),15377.57142857143,High,0,0,Small,2,2,3,2,False,False,False,False,False,False,True,False,False,False,False,True,False,True,False,False,False,False,False,False,True,False,False,False,False,False,False,True,False,False,False,False
Insight,2009,608840.0,202970,1000,Brown,14,15,Low Tax Era,Medium,0,13.319312428859897,Vintage (13+yr),13531.333333333334,Very High,0,0,Small,2,1,4,2,False,True,False,False,False,False,False,False,False,False,False,True,False,False,False,False,True,False,False,True,True,False,False,False,False,False,False,False,False,False,False,False
Vezel,2009,579408.0,235887,1500,Blue,9,15,Low Tax Era,Low,1,13.269763897507067,Vintage (13+yr),15725.8,Very High,0,0,Small,1,1,4,2,False,False,False,False,False,False,False,False,True,False,False,False,True,False,True,False,False,False,True,True,True,False,False,False,False,False,False,False,False,False,True,False
Spacia,2016,1032562.0,101305,1300,White,5,8,Medium Tax Era,Medium,0,13.847554618905018,Old (8-12yr),12663.125,High,0,0,Small,2,2,3,2,False,False,False,False,False,False,False,True,False,False,False,False,True,True,False,False,False,False,True,True,True,False,False,False,False,True,False,False,False,False,False,False
Fit,2010,734021.0,177243,1000,Blue,9,14,Low Tax Era,Medium,1,13.506294279899523,Vintage (13+yr),12660.214285714286,Very High,0,0,Small,2,1,4,2,False,True,False,False,False,False,False,False,False,False,False,True,False,True,False,False,False,False,True,False,True,False,False,False,True,False,False,False,False,False,False,False
Wagon R,2016,1185153.0,73439,1000,White,18,8,Medium Tax Era,High,1,13.985383281913492,Old (8-12yr),9179.875,Medium,0,0,Small,3,2,2,2,False,False,False,False,False,False,False,True,False,False,True,False,True,True,False,False,False,False,True,False,True,False,False,False,True,False,False,False,False,False,False,False
Rio,2010,614783.0,199217,1800,White,24,14,Low Tax Era,Low,0,13.329026265584442,Vintage (13+yr),14229.785714285714,Very High,0,0,Medium,1,1,4,3,False,False,False,True,False,False,False,False,False,False,False,False,False,False,False,True,False,False,True,True,True,True,False,False,False,False,False,False,False,False,False,False
E250,2017,3558862.0,118561,3000,Blue,14,7,Medium Tax Era,Low,0,15.08495166979244,Mid (4-7yr),16937.285714285714,High,7,0,Large,1,2,3,4,True,False,False,False,False,False,False,False,False,False,False,False,True,False,False,True,False,False,True,True,False,False,False,False,False,False,False,True,False,False,False,False
Corolla,2012,1345995.0,223074,1300,Gold,15,12,Low Tax Era,High,0,14.112644817414193,Old (8-12yr),18589.5,Very High,0,0,Small,3,1,4,2,False,False,False,False,False,False,False,False,True,False,True,False,False,False,False,True,False,False,False,True,True,False,False,False,False,False,True,False,False,False,False,False
Spacia,2014,912295.0,182416,1000,White,21,10,Low Tax Era,High,0,13.72371977780132,Old (8-12yr),18241.6,Very High,0,0,Small,3,1,4,2,False,False,False,False,False,False,False,True,False,False,True,False,False,False,False,False,False,False,True,False,True,False,False,False,False,False,False,False,False,False,True,False
Premio,2012,1128572.0,198499,1300,Black,8,12,Low Tax Era,High,0,13.93646456078603,Old (8-12yr),16541.583333333332,Very High,0,0,Small,3,1,4,2,False,False,False,False,False,False,False,False,True,False,True,False,False,False,False,True,False,False,True,False,True,False,False,False,False,True,False,False,False,False,False,False
Vezel,2015,1861228.0,118287,0,White,11,9,Low Tax Era,Very High,1,14.436747580176611,Old (8-12yr),13143.0,High,0,0,Micro,4,1,3,1,False,False,False,False,False,False,False,False,True,True,False,False,False,False,True,False,False,False,True,False,True,False,True,False,False,False,False,False,False,False,False,False
Every,2017,1477102.0,75794,1300,White,18,7,Medium Tax Era,Medium,0,14.205593295033331,Mid (4-7yr),10827.714285714286,Medium,0,0,Small,2,2,2,2,False,False,False,False,False,False,False,True,False,False,False,False,False,False,False,False,True,False,False,False,True,False,False,True,False,False,False,False,False,False,False,False
CH-R,2018,2239247.0,76860,1800,White,15,6,Medium Tax Era,Low,0,14.621650653180852,Mid (4-7yr),12810.0,Medium,0,0,Medium,1,2,2,3,False,False,False,False,False,False,False,False,True,False,False,True,False,False,True,False,False,False,False,True,True,False,False,False,False,False,False,False,False,True,False,False
CH-R,2016,2286608.0,114723,1000,White,23,8,Medium Tax Era,High,0,14.642580492057071,Old (8-12yr),14340.375,High,0,0,Small,3,2,3,2,False,False,False,False,False,False,False,False,True,False,True,False,False,False,True,False,False,False,True,True,True,False,False,False,False,False,False,True,False,False,False,False
Hustler,2014,844994.0,225707,2000,Black,21,10,Low Tax Era,Low,0,13.647085989162042,Old (8-12yr),22570.7,Very High,0,0,Medium,1,1,4,3,False,False,False,False,False,False,False,True,False,False,False,True,False,False,False,False,True,False,True,True,True,False,False,False,False,False,False,True,False,False,False,False
Camry,2018,2381308.0,42176,1500,White,5,6,Medium Tax Era,High,0,14.683160894453092,Mid (4-7yr),7029.333333333333,Low,0,0,Small,3,2,1,2,False,False,False,False,False,False,False,False,True,False,True,False,False,False,False,True,False,False,True,True,True,False,False,False,False,False,False,False,False,False,False,False
Sorento,2010,644803.0,118897,1500,White,13,14,Low Tax Era,Low,0,13.37670167362926,Vintage (13+yr),8492.642857142857,High,0,0,Small,1,1,3,2,False,False,False,True,False,False,False,False,False,False,False,True,False,False,False,False,False,True,False,False,True,False,True,False,False,False,False,False,False,False,False,False
Vezel,2020,2806610.0,29318,1800,Black,18,4,High Tax Era,Low,1,14.847488263624493,Mid (4-7yr),7329.5,Low,0,0,Medium,1,3,1,3,False,True,False,False,False,False,False,False,False,False,False,True,True,False,True,False,False,False,True,True,True,False,False,False,True,False,False,False,False,False,False,False
Freed,2020,3863357.0,19150,1000,Black,18,4,High Tax Era,High,0,15.167047311441937,Mid (4-7yr),4787.5,Low,0,0,Small,3,3,1,2,False,True,False,False,False,False,False,False,False,False,True,False,False,False,False,False,True,False,False,False,True,False,True,False,False,False,False,False,False,False,False,False
Demio,2017,1736406.0,93836,1300,White,6,7,Medium Tax Era,Medium,0,14.367328593728637,Mid (4-7yr),13405.142857142857,Medium,0,0,Small,2,2,2,2,False,False,False,False,True,False,False,False,False,False,False,False,False,True,False,False,False,False,False,False,True,False,True,False,False,False,False,False,False,False,False,False
X5,2020,4364980.125,59358,3500,Silver,5,4,High Tax Era,Low,0,15.28912442307696,Mid (4-7yr),14839.5,Medium,4,0,Large,1,3,2,4,False,False,False,False,False,False,False,False,False,False,False,True,False,False,True,False,False,False,True,True,False,False,False,False,True,False,False,False,False,False,False,False
Vezel,2015,2070221.0,52419,2000,White,5,9,Low Tax Era,High,1,14.543166405867883,Old (8-12yr),5824.333333333333,Medium,0,1,Medium,3,1,2,3,False,False,False,False,False,False,False,False,True,False,True,False,False,False,True,False,False,False,False,False,True,False,True,False,False,False,False,False,False,False,False,False
CX-3,2016,1880795.0,57790,1800,Black,13,8,Medium Tax Era,High,0,14.447205649451163,Old (8-12yr),7223.75,Medium,0,0,Medium,3,2,2,3,False,False,False,False,True,False,False,False,False,False,True,False,False,True,False,False,False,False,True,True,True,False,False,False,False,False,False,False,False,False,False,True
Tucson,2015,1282180.0,97730,1000,White,19,9,Low Tax Era,High,0,14.064073092144422,Old (8-12yr),10858.888888888889,Medium,0,0,Small,3,1,2,2,False,False,True,False,False,False,False,False,False,False,True,False,False,False,True,False,False,False,True,True,True,False,False,False,True,False,False,False,False,False,False,False
Ertiga,2018,1271547.0,77030,2000,Black,13,6,Medium Tax Era,Low,0,14.055745613819935,Mid (4-7yr),12838.333333333334,Medium,0,0,Medium,1,2,2,3,False,False,False,False,False,False,False,True,False,False,False,True,False,False,False,True,False,False,True,False,True,False,False,False,False,True,False,False,False,False,False,False
Corolla,2013,1147330.0,158210,1800,Silver,17,11,Low Tax Era,Low,0,13.952948933382107,Old (8-12yr),14382.727272727272,Very High,0,0,Medium,1,1,4,3,False,False,False,False,False,False,False,False,True,False,False,True,False,False,False,True,False,False,False,True,True,False,False,True,False,False,False,False,False,False,False,False
Accord,2018,2305310.0,56226,2000,Red,6,6,Medium Tax Era,High,0,14.650726149389543,Mid (4-7yr),9371.0,Medium,0,0,Medium,3,2,2,3,False,True,False,False,False,False,False,False,False,False,True,False,False,False,False,False,True,False,True,True,True,False,False,False,False,False,False,False,False,True,False,False
Spacia,2018,1451186.0,60047,1500,Silver,13,6,Medium Tax Era,Low,0,14.187892400199246,Mid (4-7yr),10007.833333333334,Medium,0,0,Small,1,2,2,2,False,False,False,False,False,False,False,True,False,False,False,True,False,False,False,False,True,False,False,False,True,False,False,False,False,False,False,False,False,False,False,False
Caravan,2018,1933232.0,64783,1000,Grey,21,6,Medium Tax Era,High,0,14.474704288950141,Mid (4-7yr),10797.166666666666,Medium,0,0,Small,3,2,2,2,False,False,False,False,False,False,True,False,False,False,True,False,False,False,False,False,True,False,True,True,True,False,False,False,False,False,True,False,False,False,False,False
C200,2015,3138452.0,112728,2500,Blue,11,9,Low Tax Era,High,0,14.959240561320918,Old (8-12yr),12525.333333333334,High,9,0,Large,3,1,3,4,True,False,False,False,False,False,False,False,False,False,True,False,False,True,False,False,False,False,False,False,False,False,False,False,True,False,False,False,False,False,False,False
Freed,2019,2726903.0,52109,1000,Silver,16,5,Medium Tax Era,Medium,0,14.818677457687714,Mid (4-7yr),10421.8,Medium,0,0,Small,2,2,2,2,False,True,False,False,False,False,False,False,False,False,False,False,False,False,False,False,True,False,False,True,True,False,False,False,False,False,False,True,False,False,False,False
320i,2012,1554989.0,106372,2000,Black,11,12,Low Tax Era,Low,0,14.256979672706626,Old (8-12yr),8864.333333333334,High,12,0,Medium,1,1,3,3,False,False,False,False,False,False,False,False,False,False,False,True,True,False,False,True,False,False,False,True,False,False,False,False,True,False,False,False,False,False,False,False
Vezel,2014,1495289.0,147650,1300,Black,20,10,Low Tax Era,High,1,14.21783072592836,Old (8-12yr),14765.0,High,0,0,Small,3,1,3,2,False,False,False,False,False,False,False,False,True,False,True,False,True,False,True,False,False,False,True,True,True,False,True,False,False,False,False,False,False,False,False,False
Every,2012,680789.0,144373,1300,Silver,12,12,Low Tax Era,Medium,0,13.431009167531778,Old (8-12yr),12031.083333333334,High,0,0,Small,2,1,3,2,False,False,False,False,False,False,False,True,False,False,False,True,False,False,False,False,True,False,False,False,True,False,True,False,False,False,False,False,False,False,False,False
Caravan,2011,598633.0,229598,2000,White,6,13,Low Tax Era,Low,0,13.30240567198585,Vintage (13+yr),17661.384615384617,Very High,0,0,Medium,1,1,4,3,False,False,False,False,False,False,True,False,False,False,False,True,False,False,False,False,True,False,True,False,True,False,False,False,True,False,False,False,False,False,False,False
Every,2019,1461248.0,106540,1300,Gold,17,5,Medium Tax Era,Medium,0,14.194802107422587,Mid (4-7yr),21308.0,High,0,0,Small,2,2,3,2,False,False,False,False,False,False,False,True,False,False,False,False,True,False,False,False,True,False,True,False,True,False,False,True,False,False,False,False,False,False,False,False
Santa Fe,2016,1779611.0,58594,1300,Silver,23,8,Medium Tax Era,High,0,14.391905920979625,Old (8-12yr),7324.25,Medium,0,0,Small,3,2,2,2,False,False,True,False,False,False,False,False,False,False,True,False,False,False,True,False,False,False,True,False,True,False,False,False,False,False,False,False,True,False,False,False
Fit,2018,2534840.0,44722,1000,Silver,18,6,Medium Tax Era,High,1,14.745641471146829,Mid (4-7yr),7453.666666666667,Low,0,0,Small,3,2,1,2,False,True,False,False,False,False,False,False,False,False,True,False,True,True,False,False,False,False,True,False,True,True,False,False,False,False,False,False,False,False,False,False
Lancer,2017,1749891.0,77763,1000,Silver,9,7,Medium Tax Era,High,0,14.375064629709577,Mid (4-7yr),11109.0,Medium,0,0,Small,3,2,2,2,False,False,False,False,False,True,False,False,False,False,True,False,False,False,False,False,False,True,True,True,True,False,False,False,False,False,False,True,False,False,False,False
Grace,2015,1716069.0,90481,2000,Red,23,9,Low Tax Era,Low,0,14.355547350738844,Old (8-12yr),10053.444444444445,Medium,0,0,Medium,1,1,2,3,False,True,False,False,False,False,False,False,False,False,False,False,False,False,False,True,False,False,False,True,True,False,True,False,False,False,False,False,False,False,False,False
Hustler,2021,2413674.0,16160,2000,White,16,3,High Tax Era,High,0,14.69666104025869,New (0-3yr),5386.666666666667,Low,0,0,Medium,3,3,1,3,False,False,False,False,False,False,False,True,False,False,True,False,False,False,False,False,False,True,True,False,True,False,False,False,False,False,False,False,False,False,True,False
Note,2016,1298510.0,58344,2000,Blue,10,8,Medium Tax Era,Low,0,14.076728781362112,Old (8-12yr),7293.0,Medium,0,0,Medium,1,2,2,3,False,False,False,False,False,False,True,False,False,False,False,False,False,True,False,False,False,False,False,True,True,False,True,False,False,False,False,False,False,False,False,False
X-Trail,2021,2892257.0,52905,2000,Silver,23,3,High Tax Era,High,0,14.87754806989993,New (0-3yr),17635.0,Medium,0,0,Medium,3,3,2,3,False,False,False,False,False,False,True,False,False,False,True,False,False,False,True,False,False,False,True,False,True,False,False,False,False,False,False,False,False,False,True,False
X-Trail,2016,1283891.0,69717,1300,Red,17,8,Medium Tax Era,Medium,0,14.065406647544886,Old (8-12yr),8714.625,Medium,0,0,Small,2,2,2,2,False,False,False,False,False,False,True,False,False,False,False,True,False,False,True,False,False,False,True,False,True,False,False,False,False,False,False,False,False,False,False,True
Ertiga,2014,691195.0,197419,1500,Black,5,10,Low Tax Era,Low,0,13.4461787094182,Old (8-12yr),19741.9,Very High,0,0,Small,1,1,4,2,False,False,False,False,False,False,False,True,False,False,False,True,True,False,False,False,False,False,False,False,True,False,True,False,False,False,False,False,False,False,False,False
Civic,2013,1307956.0,186565,1000,White,16,11,Low Tax Era,High,0,14.083976935841163,Old (8-12yr),16960.454545454544,Very High,0,0,Small,3,1,4,2,False,True,False,False,False,False,False,False,False,False,True,False,False,False,False,True,False,False,True,False,True,False,True,False,False,False,False,False,False,False,False,False
A-Class,2020,4364980.125,56003,2000,Black,6,4,High Tax Era,High,0,15.28912442307696,Mid (4-7yr),14000.75,Medium,4,0,Medium,3,3,2,3,True,False,False,False,False,False,False,False,False,False,True,False,False,False,True,False,False,False,True,True,False,False,False,False,False,False,False,True,False,False,False,False
Picanto,2017,1872106.0,95184,2000,Silver,20,7,Medium Tax Era,High,0,14.44257509250587,Mid (4-7yr),13597.714285714286,Medium,0,0,Medium,3,2,2,3,False,False,False,True,False,False,False,False,False,False,True,False,False,False,True,False,False,False,False,True,True,False,False,False,False,False,True,False,False,False,False,False
Hustler,2009,500000.0,201844,2000,Silver,17,15,Low Tax Era,Low,0,13.122365377402328,Vintage (13+yr),13456.266666666666,Very High,0,0,Medium,1,1,4,3,False,False,False,False,False,False,False,True,False,False,False,True,False,False,False,False,False,False,False,False,True,False,False,False,True,False,False,False,False,False,False,False
Celerio,2020,2404780.0,22423,2000,Blue,23,4,High Tax Era,High,0,14.692969397084699,Mid (4-7yr),5605.75,Low,0,0,Medium,3,3,1,3,False,False,False,False,False,False,False,True,False,False,True,False,False,False,False,False,True,False,True,True,True,False,False,False,False,False,False,False,True,False,False,False
Ertiga,2015,921010.0,82215,1300,Green,14,9,Low Tax Era,Medium,0,13.733227258705751,Old (8-12yr),9135.0,Medium,0,0,Small,2,1,2,2,False,False,False,False,False,False,False,True,False,False,False,True,False,True,False,False,False,False,True,True,True,False,False,False,False,False,False,False,True,False,False,False
C180,2008,949213.0,232839,2500,Black,8,16,Low Tax Era,Low,0,13.763389552697513,Vintage (13+yr),14552.4375,Very High,16,0,Large,1,1,4,4,True,False,False,False,False,False,False,False,False,False,False,False,True,False,False,True,False,False,True,False,False,False,False,True,False,False,False,False,False,False,False,False
Alto,2016,1513663.0,43088,660,White,20,8,Medium Tax Era,High,1,14.230043759683936,Old (8-12yr),5386.0,Low,0,1,Micro,3,2,1,1,False,False,False,False,False,False,False,True,False,False,True,False,False,True,False,False,False,False,False,True,True,False,True,False,False,False,False,False,False,False,False,False
Lancer,2019,2919789.0,64435,2000,Silver,23,5,Medium Tax Era,High,0,14.887022253850036,Mid (4-7yr),12887.0,Medium,0,0,Medium,3,2,2,3,False,False,False,False,False,True,False,False,False,False,True,False,False,False,False,False,False,False,True,False,True,False,False,False,True,False,False,False,False,False,False,False
Juke,2009,500000.0,194930,1800,Silver,21,15,Low Tax Era,Low,0,13.122365377402328,Vintage (13+yr),12995.333333333334,Very High,0,0,Medium,1,1,4,3,False,False,False,False,False,False,True,False,False,False,False,True,False,False,True,False,False,False,False,True,True,False,False,False,False,False,False,False,False,False,True,False
City,2016,1457119.0,86835,1800,Silver,12,8,Medium Tax Era,Low,0,14.191972442801646,Old (8-12yr),10854.375,Medium,0,0,Medium,1,2,2,3,False,True,False,False,False,False,False,False,False,False,False,True,False,False,True,False,False,False,True,True,True,False,False,False,False,False,False,False,True,False,False,False
Mirage,2014,1176553.0,105595,1500,Black,14,10,Low Tax Era,Low,0,13.978100384948762,Old (8-12yr),10559.5,High,0,0,Small,1,1,3,2,False,False,False,False,False,True,False,False,False,False,False,False,False,False,False,False,False,True,True,True,True,False,False,False,True,False,False,False,False,False,False,False
Aqua,2015,2000203.0,63212,1500,Silver,10,9,Low Tax Era,High,1,14.508759733322574,Old (8-12yr),7023.555555555556,Medium,0,0,Small,3,1,2,2,False,False,False,False,False,False,False,False,True,False,True,False,False,True,False,False,False,False,True,True,True,False,False,False,False,False,True,False,False,False,False,False
Alto,2020,1686833.0,17886,1000,Grey,16,4,High Tax Era,Medium,1,14.33836395716077,Mid (4-7yr),4471.5,Low,0,0,Small,2,3,1,2,False,False,False,False,False,False,False,True,False,False,False,True,False,True,False,False,False,False,True,False,True,False,False,False,True,False,False,False,False,False,False,False
Camry,2021,3657464.0,22130,1500,Brown,13,3,High Tax Era,Low,0,15.11228084245264,New (0-3yr),7376.666666666667,Low,0,0,Small,1,3,1,2,False,False,False,False,False,False,False,False,True,False,False,True,False,False,False,True,False,False,False,True,True,False,False,True,False,False,False,False,False,False,False,False
Juke,2017,1478180.0,79322,1300,Blue,13,7,Medium Tax Era,Medium,0,14.20632283577988,Mid (4-7yr),11331.714285714286,Medium,0,0,Small,2,2,2,2,False,False,False,False,False,False,True,False,False,False,False,True,False,False,False,False,False,True,False,False,True,False,False,False,False,False,False,True,False,False,False,False
Picanto,2014,1367942.0,197217,1000,White,24,10,Low Tax Era,High,0,14.128818709629886,Old (8-12yr),19721.7,Very High,0,0,Small,3,1,4,2,False,False,False,True,False,False,False,False,False,False,True,False,False,True,False,False,False,False,True,False,True,False,False,False,False,False,False,False,False,False,True,False
Vezel,2018,2554736.0,54925,1500,Blue,14,6,Medium Tax Era,Low,1,14.753459840900984,Mid (4-7yr),9154.166666666666,Medium,0,0,Small,1,2,2,2,False,False,False,False,False,False,False,False,True,False,False,False,False,False,True,False,False,False,True,True,True,False,False,False,False,False,False,True,False,False,False,False
CH-R,2020,3239402.0,41771,1500,Black,10,4,High Tax Era,High,0,14.99089961153143,Mid (4-7yr),10442.75,Low,0,0,Small,3,3,1,2,False,False,False,False,False,False,False,False,True,False,True,False,False,False,True,False,False,False,True,True,True,False,False,False,False,False,False,False,False,True,False,False
Vezel,2013,1209057.0,193884,1500,Green,21,11,Low Tax Era,High,1,14.005352101978081,Old (8-12yr),17625.81818181818,Very High,0,0,Small,3,1,4,2,False,True,False,False,False,False,False,False,False,False,True,False,True,False,True,False,False,False,True,True,True,False,False,False,False,True,False,False,False,False,False,False
Tucson,2018,1651456.0,111200,1500,White,16,6,Medium Tax Era,Low,0,14.317168486537895,Mid (4-7yr),18533.333333333332,High,0,0,Small,1,2,3,2,False,False,True,False,False,False,False,False,False,False,False,True,False,False,True,False,False,False,True,True,True,False,False,False,False,False,False,False,False,False,True,False
Note,2014,1056760.0,133380,1800,White,6,10,Low Tax Era,High,0,13.870719127648577,Old (8-12yr),13338.0,High,0,0,Medium,3,1,3,3,False,False,False,False,False,False,True,False,False,False,True,False,False,False,False,False,True,False,True,False,True,False,False,False,True,False,False,False,False,False,False,False
Aqua,2013,1238817.0,223190,1300,Silver,19,11,Low Tax Era,Medium,1,14.02966825716613,Old (8-12yr),20290.0,Very High,0,0,Small,2,1,4,2,False,False,False,False,False,False,False,False,True,False,False,False,False,True,False,False,False,False,True,True,True,False,False,False,True,False,False,False,False,False,False,False
i10,2014,923753.0,215099,1800,Grey,17,10,Low Tax Era,Low,0,13.736201081411087,Old (8-12yr),21509.9,Very High,0,0,Medium,1,1,4,3,False,False,True,False,False,False,False,False,False,False,False,True,False,False,True,False,False,False,False,True,True,False,False,False,False,False,False,False,False,False,True,False
Freed,2011,770428.0,212915,1000,Black,15,13,Low Tax Era,Medium,0,13.55470278154055,Vintage (13+yr),16378.076923076924,Very High,0,0,Small,2,1,4,2,False,True,False,False,False,False,False,False,False,False,False,True,True,False,False,False,True,False,True,False,True,False,False,False,False,False,False,False,False,True,False,False
Vezel,2015,1976186.0,42881,1300,Black,23,9,Low Tax Era,High,1,14.496679788439812,Old (8-12yr),4764.555555555556,Low,0,0,Small,3,1,1,2,False,True,False,False,False,False,False,False,False,False,True,False,False,False,True,False,False,False,True,False,True,True,False,False,False,False,False,False,False,False,False,False
Axio,2012,999525.0,119023,1500,White,8,12,Low Tax Era,Low,1,13.815036445590763,Old (8-12yr),9918.583333333334,High,0,1,Small,1,1,3,2,False,False,False,False,False,False,False,False,True,False,False,True,False,False,False,True,False,False,False,True,True,False,True,False,False,False,False,False,False,False,False,False
March,2017,1423846.0,110077,660,Black,20,7,Medium Tax Era,Medium,0,14.168872921361332,Mid (4-7yr),15725.285714285714,High,0,0,Micro,2,2,3,1,False,False,False,False,False,False,True,False,False,False,False,False,False,True,False,False,False,False,True,False,True,False,False,False,False,False,False,False,True,False,False,False
Note,2009,549745.0,138480,1500,Blue,12,15,Low Tax Era,Low,0,13.217211632355976,Vintage (13+yr),9232.0,High,0,0,Small,1,1,3,2,False,False,False,False,False,False,True,False,False,False,False,False,False,False,True,False,False,False,True,True,True,False,False,False,True,False,False,False,False,False,False,False
Axio,2012,1234715.0,221129,1500,Black,19,12,Low Tax Era,High,1,14.026351542085301,Old (8-12yr),18427.416666666668,Very High,0,1,Small,3,1,4,2,False,False,False,False,False,False,False,False,True,False,True,False,False,False,False,True,False,False,False,True,True,False,True,False,False,False,False,False,False,False,False,False
Axio,2011,783367.0,90588,1300,Brown,5,13,Low Tax Era,Medium,1,13.571357851792143,Vintage (13+yr),6968.307692307692,Medium,0,0,Small,2,1,2,2,False,False,False,False,False,False,False,False,True,False,False,True,True,False,False,True,False,False,True,False,True,False,True,False,False,False,False,False,False,False,False,False
Tiida,2010,517937.0,126766,1500,White,14,14,Low Tax Era,Low,0,13.157610822958375,Vintage (13+yr),9054.714285714286,High,0,0,Small,1,1,3,2,False,False,False,False,False,False,True,False,False,False,False,True,False,False,False,False,False,True,False,True,True,False,False,False,True,False,False,False,False,False,False,False
Prius,2014,1378782.0,110653,2000,White,5,10,Low Tax Era,Low,1,14.1367117839869,Old (8-12yr),11065.3,High,0,1,Medium,1,1,3,3,False,False,False,False,False,False,False,False,True,False,False,True,False,False,False,False,False,True,False,False,True,False,False,True,False,False,False,False,False,False,False,False
Every,2019,1597622.0,57920,1300,Grey,16,5,Medium Tax Era,Medium,0,14.284027457575005,Mid (4-7yr),11584.0,Medium,0,0,Small,2,2,2,2,False,False,False,False,False,False,False,True,False,False,False,True,False,False,False,False,True,False,False,False,True,True,False,False,False,False,False,False,False,False,False,False
Ertiga,2018,1352731.0,110382,1300,White,7,6,Medium Tax Era,Medium,0,14.117636809188399,Mid (4-7yr),18397.0,High,0,0,Small,2,2,3,2,False,False,False,False,False,False,False,True,False,False,False,True,False,False,False,False,False,True,True,False,True,False,True,False,False,False,False,False,False,False,False,False
530i,2017,2914962.0,119027,2000,Red,9,7,Medium Tax Era,Low,0,14.885367684718764,Mid (4-7yr),17003.85714285714,High,7,0,Medium,1,2,3,3,False,False,False,False,False,False,False,False,False,False,False,True,False,False,False,False,False,True,True,True,False,False,True,False,False,False,False,False,False,False,False,False
Axio,2018,2846752.0,58033,2000,Black,22,6,Medium Tax Era,High,1,14.861689604505615,Mid (4-7yr),9672.166666666666,Medium,0,0,Medium,3,2,2,3,False,False,False,False,False,False,False,False,True,False,True,False,False,False,False,True,False,False,True,True,True,False,False,False,False,False,False,False,False,False,True,False
Camry,2011,938058.0,129063,2000,White,16,13,Low Tax Era,Low,0,13.751568125797034,Vintage (13+yr),9927.923076923076,High,0,0,Medium,1,1,3,3,False,False,False,False,False,False,False,False,True,False,False,True,False,False,False,True,False,False,True,False,True,False,True,False,False,False,False,False,False,False,False,False
Civic,2015,1748337.0,100719,1300,Black,20,9,Low Tax Era,High,0,14.374176180349632,Old (8-12yr),11191.0,High,0,0,Small,3,1,3,2,False,True,False,False,False,False,False,False,False,False,True,False,False,False,False,True,False,False,True,False,True,False,True,False,False,False,False,False,False,False,False,False
Aqua,2015,1396696.0,63457,1500,Black,14,9,Low Tax Era,Low,1,14.149620721371459,Old (8-12yr),7050.777777777777,Medium,0,0,Small,1,1,2,2,False,False,False,False,False,False,False,False,True,False,False,False,True,True,False,False,False,False,True,False,True,False,False,False,False,False,False,False,True,False,False,False
Alto,2015,914283.0,64151,800,Blue,11,9,Low Tax Era,Medium,1,13.725896524272828,Old (8-12yr),7127.888888888889,Medium,0,0,Small,2,1,2,2,False,False,False,False,False,False,False,True,False,False,False,True,False,True,False,False,False,False,True,True,True,False,False,False,False,False,False,False,True,False,False,False
Spacia,2013,794018.0,193920,1500,White,22,11,Low Tax Era,Low,0,13.584862669414001,Old (8-12yr),17629.090909090908,Very High,0,0,Small,1,1,4,2,False,False,False,False,False,False,False,True,False,False,False,True,False,False,True,False,False,False,True,True,True,False,False,False,False,False,False,True,False,False,False,False
Santa Fe,2020,2506985.0,52338,1800,White,23,4,High Tax Era,Low,0,14.734591792761057,Mid (4-7yr),13084.5,Medium,0,0,Medium,1,3,2,3,False,False,True,False,False,False,False,False,False,False,False,True,False,False,False,True,False,False,False,True,True,False,True,False,False,False,False,False,False,False,False,False
Tiida,2020,2737827.0,25222,2000,White,21,4,High Tax Era,High,0,14.822675463280966,Mid (4-7yr),6305.5,Low,0,0,Medium,3,3,1,3,False,False,False,False,False,False,True,False,False,False,True,False,False,False,False,False,False,True,True,True,True,False,False,False,True,False,False,False,False,False,False,False
Lancer,2012,943351.0,98895,1800,Grey,21,12,Low Tax Era,High,0,13.757194768741396,Old (8-12yr),8241.25,Medium,0,0,Medium,3,1,2,3,False,False,False,False,False,True,False,False,False,False,True,False,True,True,False,False,False,False,True,True,True,False,False,False,False,False,False,False,False,True,False,False
Corolla,2016,1977523.0,65146,1000,Red,10,8,Medium Tax Era,Medium,0,14.49735611508633,Old (8-12yr),8143.25,Medium,0,0,Small,2,2,2,2,False,False,False,False,False,False,False,False,True,False,False,True,False,False,False,True,False,False,True,False,True,False,True,False,False,False,False,False,False,False,False,False
Mazda 3,2010,629823.0,174515,1300,Black,11,14,Low Tax Era,Medium,0,13.353195694258657,Vintage (13+yr),12465.357142857143,Very High,0,0,Small,2,1,4,2,False,False,False,False,True,False,False,False,False,False,False,True,False,False,True,False,False,False,True,True,True,False,False,False,True,False,False,False,False,False,False,False
Every,2017,1619523.0,45974,1800,Black,18,7,Medium Tax Era,High,0,14.297642836872415,Mid (4-7yr),6567.714285714285,Low,0,0,Medium,3,2,1,3,False,False,False,False,False,False,False,True,False,False,True,False,False,False,False,False,True,False,False,True,True,False,False,False,False,False,False,False,False,False,True,False
Axio,2019,3542982.0,48562,1500,White,17,5,Medium Tax Era,High,1,15.080479585642477,Mid (4-7yr),9712.4,Low,0,0,Small,3,2,1,2,False,False,False,False,False,False,False,False,True,False,True,False,False,False,False,True,False,False,True,True,True,False,False,False,False,False,False,False,False,True,False,False
Every,2013,1023848.0,105105,1000,Red,24,11,Low Tax Era,High,0,13.839079612770657,Old (8-12yr),9555.0,High,0,0,Small,3,1,3,2,False,False,False,False,False,False,False,True,False,False,True,False,False,False,False,False,True,False,True,False,True,True,False,False,False,False,False,False,False,False,False,False
Corolla,2012,989646.0,200787,1500,White,20,12,Low Tax Era,Low,0,13.805103592869559,Old (8-12yr),16732.25,Very High,0,0,Small,1,1,4,2,False,False,False,False,False,False,False,False,True,False,False,True,False,False,False,True,False,False,False,False,True,False,False,False,True,False,False,False,False,False,False,False
Premio,2010,898613.0,111655,2000,Black,17,14,Low Tax Era,Low,0,13.708608855287618,Vintage (13+yr),7975.357142857143,High,0,0,Medium,1,1,3,3,False,False,False,False,False,False,False,False,True,False,False,True,False,False,False,True,False,False,True,False,True,False,True,False,False,False,False,False,False,False,False,False
Every,2017,1558167.0,67360,1000,Silver,17,7,Medium Tax Era,High,0,14.259021330151525,Mid (4-7yr),9622.857142857143,Medium,0,0,Small,3,2,2,2,False,False,False,False,False,False,False,True,False,False,True,False,True,False,False,False,True,False,False,True,True,False,False,False,False,False,False,False,False,False,True,False
Corolla,2012,875835.0,198368,2000,Green,11,12,Low Tax Era,Low,0,13.682934137779814,Old (8-12yr),16530.666666666668,Very High,0,0,Medium,1,1,4,3,False,False,False,False,False,False,False,False,True,False,False,True,True,False,False,True,False,False,False,False,True,False,False,False,True,False,False,False,False,False,False,False
Vezel,2008,512274.0,236640,1800,White,5,16,Low Tax Era,Low,1,13.146616869205033,Vintage (13+yr),14790.0,Very High,0,0,Medium,1,1,4,3,False,True,False,False,False,False,False,False,False,False,False,True,False,False,True,False,False,False,True,False,True,False,False,False,False,True,False,False,False,False,False,False
Vitz,2016,2175964.0,61518,2000,White,24,8,Medium Tax Era,Low,0,14.59298280226979,Old (8-12yr),7689.75,Medium,0,0,Medium,1,2,2,3,False,False,False,False,False,False,False,False,True,False,False,False,False,True,False,False,False,False,True,True,True,False,False,True,False,False,False,False,False,False,False,False
Cerato,2021,3458041.0,27961,0,White,14,3,High Tax Era,Very High,0,15.056213090900602,New (0-3yr),9320.333333333334,Low,0,0,Micro,4,3,1,1,False,False,False,True,False,False,False,False,False,True,False,False,False,False,False,True,False,False,True,True,True,False,False,False,False,False,False,True,False,False,False,False
Freed,2008,574999.0,111127,1300,White,22,16,Low Tax Era,Medium,0,13.262125319779487,Vintage (13+yr),6945.4375,High,0,0,Small,2,1,3,2,False,True,False,False,False,False,False,False,False,False,False,True,False,False,False,False,True,False,True,True,True,False,False,False,False,True,False,False,False,False,False,False
Every,2016,1388572.0,89725,1300,Black,12,8,Medium Tax Era,High,0,14.14378715906791,Old (8-12yr),11215.625,Medium,0,0,Small,3,2,2,2,False,False,False,False,False,False,False,True,False,False,True,False,False,False,False,False,True,False,True,True,True,False,False,False,False,False,False,False,False,False,True,False
Axio,2017,2814347.0,48484,2000,Silver,24,7,Medium Tax Era,High,1,14.85024117638769,Mid (4-7yr),6926.285714285715,Low,0,0,Medium,3,2,1,3,False,False,False,False,False,False,False,False,True,False,True,False,False,False,False,True,False,False,True,False,True,False,False,False,False,False,True,False,False,False,False,False
Lancer,2017,2049077.0,47971,1800,Silver,19,7,Medium Tax Era,High,0,14.532900493846421,Mid (4-7yr),6853.0,Low,0,0,Medium,3,2,1,3,False,False,False,False,False,True,False,False,False,False,True,False,False,False,False,False,False,True,True,True,True,False,False,False,False,False,False,False,False,False,False,False
City,2015,1813640.0,53782,1000,White,8,9,Low Tax Era,High,0,14.410846984889487,Old (8-12yr),5975.777777777777,Medium,0,0,Small,3,1,2,2,False,True,False,False,False,False,False,False,False,False,True,False,False,False,False,False,False,True,False,True,True,False,False,False,False,False,False,False,False,True,False,False
Wagon R,2021,2151379.0,28864,800,White,16,3,High Tax Era,Medium,1,14.581620054664636,New (0-3yr),9621.333333333334,Low,0,0,Small,2,3,1,2,False,False,False,False,False,False,False,True,False,False,False,False,False,True,False,False,False,False,True,True,True,True,False,False,False,False,False,False,False,False,False,False
Camry,2012,1053255.0,103880,1000,Black,19,12,Low Tax Era,Medium,0,13.867396876478253,Old (8-12yr),8656.666666666666,High,0,0,Small,2,1,3,2,False,False,False,False,False,False,False,False,True,False,False,True,False,False,False,True,False,False,True,False,True,False,False,False,False,True,False,False,False,False,False,False
Vitz,2015,2016054.0,111326,1500,Silver,14,9,Low Tax Era,High,0,14.516653189547288,Old (8-12yr),12369.555555555555,High,0,0,Small,3,1,3,2,False,False,False,False,False,False,False,False,True,False,True,False,False,True,False,False,False,False,True,True,True,False,False,False,True,False,False,False,False,False,False,False
Spacia,2018,1801125.0,44791,2000,Gold,16,6,Medium Tax Era,High,0,14.40392258284363,Mid (4-7yr),7465.166666666667,Low,0,0,Medium,3,2,1,3,False,False,False,False,False,False,False,True,False,False,True,False,True,False,False,False,False,True,False,True,True,False,True,False,False,False,False,False,False,False,False,False
Spacia,2012,558347.0,247995,1500,Grey,11,12,Low Tax Era,Low,0,13.232737702884895,Old (8-12yr),20666.25,Very High,0,0,Small,1,1,4,2,False,False,False,False,False,False,False,True,False,False,False,True,False,True,False,False,False,False,True,True,True,False,False,False,False,False,False,False,True,False,False,False
Alto,2013,825166.0,119328,1000,Silver,19,11,Low Tax Era,High,1,13.62334106907422,Old (8-12yr),10848.0,High,0,1,Small,3,1,3,2,False,False,False,False,False,False,False,True,False,False,True,False,True,True,False,False,False,False,False,True,True,False,False,False,False,False,False,False,False,True,False,False
Ertiga,2014,1046331.0,167052,2000,Black,16,10,Low Tax Era,High,0,13.860801272863993,Old (8-12yr),16705.2,Very High,0,0,Medium,3,1,4,3,False,False,False,False,False,False,False,True,False,False,True,False,False,False,False,True,False,False,False,True,True,False,True,False,False,False,False,False,False,False,False,False
Corolla,2016,1827085.0,99254,1300,Black,12,8,Medium Tax Era,Medium,0,14.41823290595455,Old (8-12yr),12406.75,Medium,0,0,Small,2,2,2,2,False,False,False,False,False,False,False,False,True,False,False,False,True,False,False,True,False,False,True,True,True,False,False,False,False,False,False,True,False,False,False,False
CH-R,2013,1423233.0,82093,1800,Black,23,11,Low Tax Era,Low,0,14.16844230487415,Old (8-12yr),7463.0,Medium,0,0,Medium,1,1,2,3,False,False,False,False,False,False,False,False,True,False,False,True,False,False,True,False,False,False,True,True,True,False,True,False,False,False,False,False,False,False,False,False
Every,2020,2076531.0,39908,0,Silver,9,4,High Tax Era,Very High,0,14.546209752480797,Mid (4-7yr),9977.0,Low,0,0,Micro,4,3,1,1,False,False,False,False,False,False,False,True,False,True,False,False,True,False,False,False,True,False,True,True,True,False,False,False,False,False,False,False,False,False,True,False
Alto,2018,1269507.0,92107,800,Black,7,6,Medium Tax Era,Medium,1,14.054139981800594,Mid (4-7yr),15351.166666666666,Medium,0,0,Small,2,2,2,2,False,False,False,False,False,False,False,True,False,False,False,True,False,True,False,False,False,False,True,False,True,True,False,False,False,False,False,False,False,False,False,False
Vitz,2014,1429384.0,126008,2000,Red,6,10,Low Tax Era,High,0,14.172754839799424,Old (8-12yr),12600.8,High,0,0,Medium,3,1,3,3,False,False,False,False,False,False,False,False,True,False,True,False,True,True,False,False,False,False,False,True,True,False,False,True,False,False,False,False,False,False,False,False
Tiida,2019,2285464.0,55250,2000,Red,16,5,Medium Tax Era,High,0,14.642080062700995,Mid (4-7yr),11050.0,Medium,0,0,Medium,3,2,2,3,False,False,False,False,False,False,True,False,False,False,True,False,False,False,False,False,True,False,False,True,True,False,False,False,False,False,False,True,False,False,False,False
CX-5,2017,1905045.0,61424,1800,Black,24,7,Medium Tax Era,Low,0,14.460016713233031,Mid (4-7yr),8774.857142857143,Medium,0,0,Medium,1,2,2,3,False,False,False,False,True,False,False,False,False,False,False,True,False,False,True,False,False,False,True,False,True,False,True,False,False,False,False,False,False,False,False,False
A-Class,2016,4014715.0,93767,2500,Black,24,8,Medium Tax Era,Low,0,15.205477168116472,Old (8-12yr),11720.875,Medium,8,0,Large,1,2,2,4,True,False,False,False,False,False,False,False,False,False,False,False,False,False,False,False,False,False,True,True,False,False,True,False,False,False,False,False,False,False,False,False
Wagon R,2011,611715.0,200321,660,White,20,13,Low Tax Era,Medium,1,13.324023401501297,Vintage (13+yr),15409.307692307691,Very High,0,0,Micro,2,1,4,1,False,False,False,False,False,False,False,True,False,False,False,False,False,True,False,False,False,False,True,False,True,False,False,False,False,False,True,False,False,False,False,False
Corolla,2013,1205391.0,217877,2000,White,16,11,Low Tax Era,Low,0,14.002315383207995,Old (8-12yr),19807.0,Very High,0,0,Medium,1,1,4,3,False,False,False,False,False,False,False,False,True,False,False,True,False,False,False,True,False,False,True,True,True,False,True,False,False,False,False,False,False,False,False,False
March,2011,725460.0,95021,800,Black,19,13,Low Tax Era,Medium,0,13.494562593831148,Vintage (13+yr),7309.307692307692,Medium,0,0,Small,2,1,2,2,False,False,False,False,False,False,True,False,False,False,False,False,False,True,False,False,False,False,False,True,True,False,False,False,True,False,False,False,False,False,False,False
Swift,2012,665023.0,83810,1000,White,6,12,Low Tax Era,High,1,13.407578409212318,Old (8-12yr),6984.166666666667,Medium,0,0,Small,3,1,2,2,False,False,False,False,False,False,False,True,False,False,True,False,True,True,False,False,False,False,True,True,True,False,False,False,False,False,False,False,True,False,False,False
Alto,2016,1286068.0,59154,1000,Black,9,8,Medium Tax Era,High,1,14.067100837083728,Old (8-12yr),7394.25,Medium,0,1,Small,3,2,2,2,False,False,False,False,False,False,False,True,False,False,True,False,False,True,False,False,False,False,False,False,True,False,False,False,False,False,False,False,False,False,True,False
CH-R,2015,1407507.0,88282,1000,Silver,7,9,Low Tax Era,Medium,0,14.15733132281642,Old (8-12yr),9809.111111111111,Medium,0,0,Small,2,1,2,2,False,False,False,False,False,False,False,False,True,False,False,True,False,False,True,False,False,False,False,True,True,False,False,False,False,False,False,False,True,False,False,False
Freed,2011,895219.0,173287,1500,Silver,23,13,Low Tax Era,Low,0,13.704824777106516,Vintage (13+yr),13329.76923076923,Very High,0,0,Small,1,1,4,2,False,True,False,False,False,False,False,False,False,False,False,False,False,False,False,False,True,False,True,False,True,False,False,True,False,False,False,False,False,False,False,False
X-Trail,2019,1664334.0,83372,2000,White,8,5,Medium Tax Era,Low,0,14.324936202216097,Mid (4-7yr),16674.4,Medium,0,0,Medium,1,2,2,3,False,False,False,False,False,False,True,False,False,False,False,True,False,False,True,False,False,False,False,True,True,False,False,False,False,False,False,False,False,False,False,True
CX-5,2018,2179679.0,73298,2000,White,16,6,Medium Tax Era,High,0,14.594688634999887,Mid (4-7yr),12216.333333333334,Medium,0,0,Medium,3,2,2,3,False,False,False,False,True,False,False,False,False,False,True,False,True,False,True,False,False,False,True,True,True,False,False,True,False,False,False,False,False,False,False,False
C200,2010,1456837.0,139099,2500,Red,12,14,Low Tax Era,Low,0,14.191778891624256,Vintage (13+yr),9935.642857142857,High,14,0,Large,1,1,3,4,True,False,False,False,False,False,False,False,False,False,False,True,False,True,False,False,False,False,False,False,False,False,False,False,False,False,False,False,False,False,False,True
City,2017,2047758.0,106046,2000,Brown,17,7,Medium Tax Era,Low,0,14.532256582435947,Mid (4-7yr),15149.42857142857,High,0,0,Medium,1,2,3,3,False,True,False,False,False,False,False,False,False,False,False,True,False,False,True,False,False,False,True,False,True,False,True,False,False,False,False,False,False,False,False,False
i10,2009,500000.0,127037,1800,Blue,16,15,Low Tax Era,Low,0,13.122365377402328,Vintage (13+yr),8469.133333333333,High,0,0,Medium,1,1,3,3,False,False,True,False,False,False,False,False,False,False,False,True,False,False,False,True,False,False,True,True,True,False,True,False,False,False,False,False,False,False,False,False
Corolla,2010,754602.0,226080,1000,Black,20,14,Low Tax Era,Medium,0,13.533947062120665,Vintage (13+yr),16148.57142857143,Very High,0,0,Small,2,1,4,2,False,False,False,False,False,False,False,False,True,False,False,True,True,False,False,True,False,False,True,True,True,False,False,False,True,False,False,False,False,False,False,False
Accord,2011,790373.0,186777,1300,Black,23,13,Low Tax Era,Medium,0,13.580261530137909,Vintage (13+yr),14367.461538461539,Very High,0,0,Small,2,1,4,2,False,True,False,False,False,False,False,False,False,False,False,True,False,False,False,False,False,False,True,False,True,False,False,True,False,False,False,False,False,False,False,False
Atenza,2017,2146277.0,82255,1300,Black,8,7,Medium Tax Era,High,0,14.579245737119207,Mid (4-7yr),11750.714285714286,Medium,0,0,Small,3,2,2,2,False,False,False,False,True,False,False,False,False,False,True,False,False,False,False,False,False,False,True,False,True,False,True,False,False,False,False,False,False,False,False,False
Vitz,2017,1724718.0,90355,1000,Grey,12,7,Medium Tax Era,Medium,0,14.360574696627463,Mid (4-7yr),12907.857142857143,Medium,0,0,Small,2,2,2,2,False,False,False,False,False,False,False,False,True,False,False,True,True,True,False,False,False,False,True,True,True,False,False,False,False,False,False,True,False,False,False,False
Premio,2021,3991474.0,47283,2000,Grey,6,3,High Tax Era,High,0,15.199671394738843,New (0-3yr),15761.0,Low,0,0,Medium,3,3,1,3,False,False,False,False,False,False,False,False,True,False,True,False,False,False,False,True,False,False,True,False,True,False,False,False,False,False,False,False,False,False,False,True
Demio,2014,1203322.0,121723,1500,Silver,20,10,Low Tax Era,Low,0,14.000597454346465,Old (8-12yr),12172.3,High,0,0,Small,1,1,3,2,False,False,False,False,True,False,False,False,False,False,False,True,False,True,False,False,False,False,True,False,True,False,False,True,False,False,False,False,False,False,False,False
Aqua,2018,2155971.0,94030,1800,Silver,12,6,Medium Tax Era,Low,1,14.583752223913706,Mid (4-7yr),15671.666666666666,Medium,0,0,Medium,1,2,2,3,False,False,False,False,False,False,False,False,True,False,False,True,False,True,False,False,False,False,True,False,True,False,False,False,False,False,False,False,False,False,True,False
Leaf,2019,1858115.0,68415,1500,Silver,8,5,Medium Tax Era,Low,0,14.435073629130438,Mid (4-7yr),13683.0,Medium,0,0,Small,1,2,2,2,False,False,False,False,False,False,True,False,False,False,False,False,False,False,False,False,True,False,False,True,True,False,False,True,False,False,False,False,False,False,False,False
Premio,2012,858698.0,193831,2000,Grey,10,12,Low Tax Era,Low,0,13.663173732108833,Old (8-12yr),16152.583333333334,Very High,0,0,Medium,1,1,4,3,False,False,False,False,False,False,False,False,True,False,False,True,True,False,False,True,False,False,True,False,True,False,False,False,True,False,False,False,False,False,False,False
Allion,2012,1375899.0,109764,1000,White,10,12,Low Tax Era,High,0,14.134618620415909,Old (8-12yr),9147.0,High,0,0,Small,3,1,3,2,False,False,False,False,False,False,False,False,True,False,True,False,False,False,False,True,False,False,True,True,True,False,True,False,False,False,False,False,False,False,False,False
CH-R,2018,2990685.0,57883,1300,Black,20,6,Medium Tax Era,High,0,14.911013350489629,Mid (4-7yr),9647.166666666666,Medium,0,0,Small,3,2,2,2,False,False,False,False,False,False,False,False,True,False,True,False,False,False,True,False,False,False,False,False,True,False,False,True,False,False,False,False,False,False,False,False
Camry,2013,1110674.0,176008,1300,White,12,11,Low Tax Era,Medium,0,13.920478496573814,Old (8-12yr),16000.727272727272,Very High,0,0,Small,2,1,4,2,False,False,False,False,False,False,False,False,True,False,False,True,False,False,False,True,False,False,True,False,True,False,False,False,False,True,False,False,False,False,False,False
Ertiga,2016,1317027.0,86105,1300,Blue,12,8,Medium Tax Era,High,0,14.090888240939814,Old (8-12yr),10763.125,Medium,0,0,Small,3,2,2,2,False,False,False,False,False,False,False,True,False,False,True,False,False,True,False,False,False,False,False,True,True,False,False,False,True,False,False,False,False,False,False,False
Tucson,2021,2228722.0,53294,2000,White,10,3,High Tax Era,Low,0,14.616939333672198,New (0-3yr),17764.666666666668,Medium,0,0,Medium,1,3,2,3,False,False,True,False,False,False,False,False,False,False,False,True,False,False,True,False,False,False,False,False,True,False,False,False,False,False,False,False,False,False,False,True
Celerio,2015,1138173.0,45594,1500,White,10,9,Low Tax Era,High,0,13.944935781804679,Old (8-12yr),5066.0,Low,0,0,Small,3,1,1,2,False,False,False,False,False,False,False,True,False,False,True,False,False,True,False,False,False,False,False,False,True,False,False,False,False,False,False,False,False,False,False,True
Aqua,2016,1971555.0,81964,2000,White,14,8,Medium Tax Era,Low,1,14.494333636664354,Old (8-12yr),10245.5,Medium,0,1,Medium,1,2,2,3,False,False,False,False,False,False,False,False,True,False,False,True,False,True,False,False,False,False,False,True,True,False,True,False,False,False,False,False,False,False,False,False
Wagon R,2016,1223551.0,67898,800,Red,10,8,Medium Tax Era,High,1,14.01726866198338,Old (8-12yr),8487.25,Medium,0,0,Small,3,2,2,2,False,False,False,False,False,False,False,True,False,False,True,False,False,True,False,False,False,False,True,True,True,False,False,False,False,False,False,False,False,True,False,False
Accent,2019,2310017.0,58040,2000,Black,16,5,Medium Tax Era,High,0,14.65276587467541,Mid (4-7yr),11608.0,Medium,0,0,Medium,3,2,2,3,False,False,True,False,False,False,False,False,False,False,True,False,True,False,False,False,True,False,True,True,True,False,False,False,False,False,False,True,False,False,False,False
Elantra,2013,1030204.0,182652,2000,Silver,24,11,Low Tax Era,High,0,13.845268369528362,Old (8-12yr),16604.727272727272,Very High,0,0,Medium,3,1,4,3,False,False,True,False,False,False,False,False,False,False,True,False,False,False,False,True,False,False,False,False,True,False,False,False,False,False,False,False,False,False,True,False
Hustler,2016,1013888.0,50547,1500,Brown,14,8,Medium Tax Era,Low,0,13.829303989685645,Old (8-12yr),6318.375,Medium,0,0,Small,1,2,2,2,False,False,False,False,False,False,False,True,False,False,False,True,False,True,False,False,False,False,True,True,True,False,False,False,False,False,False,False,False,True,False,False
318i,2012,1826504.0,236546,3500,Silver,24,12,Low Tax Era,Low,0,14.417914862689775,Old (8-12yr),19712.166666666668,Very High,12,0,Large,1,1,4,4,False,False,False,False,False,False,False,False,False,False,False,False,False,False,False,False,False,True,False,True,False,False,False,False,False,False,False,False,False,False,False,True
Camry,2013,1415037.0,155992,1000,White,7,11,Low Tax Era,High,0,14.162666943822558,Old (8-12yr),14181.09090909091,Very High,0,0,Small,3,1,4,2,False,False,False,False,False,False,False,False,True,False,True,False,False,False,False,True,False,False,True,True,True,False,False,False,False,False,True,False,False,False,False,False
Atenza,2014,1170463.0,192099,1800,White,23,10,Low Tax Era,Low,0,13.972910809352982,Old (8-12yr),19209.9,Very High,0,0,Medium,1,1,4,3,False,False,False,False,True,False,False,False,False,False,False,True,True,False,False,False,False,False,True,True,True,False,False,False,True,False,False,False,False,False,False,False
Axio,2015,1497812.0,115166,1300,White,5,9,Low Tax Era,Medium,1,14.219516602156187,Old (8-12yr),12796.222222222223,High,0,0,Small,2,1,3,2,False,False,False,False,False,False,False,False,True,False,False,True,False,False,False,True,False,False,True,True,True,True,False,False,False,False,False,False,False,False,False,False
Rio,2017,2032791.0,73289,1500,Black,19,7,Medium Tax Era,High,0,14.524920775521867,Mid (4-7yr),10469.857142857143,Medium,0,0,Small,3,2,2,2,False,False,False,True,False,False,False,False,False,False,True,False,False,False,False,False,True,False,True,True,True,False,True,False,False,False,False,False,False,False,False,False
Accord,2016,1545032.0,68016,1500,White,7,8,Medium Tax Era,Low,0,14.25055582730918,Old (8-12yr),8502.0,Medium,0,0,Small,1,2,2,2,False,True,False,False,False,False,False,False,False,False,False,True,False,False,True,False,False,False,True,False,True,False,False,False,False,False,False,False,False,False,False,False
Freed,2016,2076018.0,104325,1300,Grey,23,8,Medium Tax Era,High,0,14.545962675441835,Old (8-12yr),13040.625,High,0,0,Small,3,2,3,2,False,True,False,False,False,False,False,False,False,False,True,False,False,False,False,False,True,False,True,True,True,False,False,True,False,False,False,False,False,False,False,False
Ertiga,2015,1002251.0,41832,1800,White,24,9,Low Tax Era,Low,0,13.817760026012865,Old (8-12yr),4648.0,Low,0,0,Medium,1,1,1,3,False,False,False,False,False,False,False,True,False,False,False,True,False,False,False,False,True,False,True,False,True,False,True,False,False,False,False,False,False,False,False,False
Every,2015,1141323.0,73649,1800,Black,18,9,Low Tax Era,High,0,13.94769954997213,Old (8-12yr),8183.222222222223,Medium,0,0,Medium,3,1,2,3,False,False,False,False,False,False,False,True,False,False,True,False,False,False,False,False,True,False,True,True,True,False,False,False,False,False,False,False,False,False,False,False
CH-R,2013,1155287.0,153339,1300,White,19,11,Low Tax Era,Medium,0,13.959860221504675,Old (8-12yr),13939.90909090909,Very High,0,0,Small,2,1,4,2,False,False,False,False,False,False,False,False,True,False,False,True,True,False,True,False,False,False,True,False,True,False,True,False,False,False,False,False,False,False,False,False
Vezel,2019,3239716.0,94399,2000,Black,20,5,Medium Tax Era,High,1,14.990996538274644,Mid (4-7yr),18879.8,Medium,0,0,Medium,3,2,2,3,False,False,False,False,False,False,False,False,True,False,True,False,False,False,True,False,False,False,True,True,True,False,False,False,True,False,False,False,False,False,False,False
Leaf,2022,3326499.0,30919,2000,Blue,8,2,High Tax Era,High,0,15.017431258164079,New (0-3yr),15459.5,Low,0,0,Medium,3,3,1,3,False,False,False,False,False,False,True,False,False,False,True,False,False,False,False,False,True,False,False,True,True,False,False,False,False,False,False,False,False,False,True,False
Accord,2015,1551128.0,59171,1300,Grey,10,9,Low Tax Era,High,0,14.254493610847067,Old (8-12yr),6574.555555555556,Medium,0,0,Small,3,1,2,2,False,True,False,False,False,False,False,False,False,False,True,False,True,False,False,True,False,False,True,False,True,False,False,False,False,False,True,False,False,False,False,False
Aqua,2013,1081358.0,242842,1300,White,9,11,Low Tax Era,Medium,1,13.89372914139587,Old (8-12yr),22076.545454545456,Very High,0,0,Small,2,1,4,2,False,False,False,False,False,False,False,False,True,False,False,False,False,True,False,False,False,False,True,True,True,False,False,False,False,False,False,False,False,False,False,False
Leaf,2020,2958295.0,23884,1500,Silver,22,4,High Tax Era,High,0,14.900123984859706,Mid (4-7yr),5971.0,Low,0,0,Small,3,3,1,2,False,False,False,False,False,False,True,False,False,False,True,False,False,False,False,False,False,True,False,False,True,False,True,False,False,False,False,False,False,False,False,False
Vitz,2020,3490251.0,28965,0,White,9,4,High Tax Era,Very High,0,15.065484497875586,Mid (4-7yr),7241.25,Low,0,0,Micro,4,3,1,1,False,False,False,False,False,False,False,False,True,True,False,False,False,True,False,False,False,False,True,True,True,False,False,False,False,False,False,False,False,False,False,False
Insight,2017,1728723.0,46765,1500,Silver,5,7,Medium Tax Era,Low,0,14.362894122079387,Mid (4-7yr),6680.714285714285,Low,0,0,Small,1,2,1,2,False,True,False,False,False,False,False,False,False,False,False,False,False,False,False,True,False,False,True,True,True,False,False,False,True,False,False,False,False,False,False,False
Swift,2011,506316.0,168281,1300,White,12,13,Low Tax Era,Medium,1,13.134918234324982,Vintage (13+yr),12944.692307692309,Very High,0,0,Small,2,1,4,2,False,False,False,False,False,False,False,True,False,False,False,True,True,True,False,False,False,False,True,False,True,False,False,False,False,False,False,False,False,False,False,True
CH-R,2020,3310090.0,47596,1500,Silver,20,4,High Tax Era,Low,0,15.012486239422465,Mid (4-7yr),11899.0,Low,0,0,Small,1,3,1,2,False,False,False,False,False,False,False,False,True,False,False,True,False,False,True,False,False,False,False,True,True,False,False,False,False,False,False,False,False,True,False,False
CX-3,2019,2136090.0,115726,1500,Green,11,5,Medium Tax Era,Low,0,14.574488081150996,Mid (4-7yr),23145.2,High,0,0,Small,1,2,3,2,False,False,False,False,True,False,False,False,False,False,False,True,False,True,False,False,False,False,True,True,True,False,True,False,False,False,False,False,False,False,False,False
Hustler,2020,2330404.0,36996,2000,Black,21,4,High Tax Era,High,0,14.661552630179472,Mid (4-7yr),9249.0,Low,0,0,Medium,3,3,1,3,False,False,False,False,False,False,False,True,False,False,True,False,False,False,False,False,False,False,False,False,True,False,True,False,False,False,False,False,False,False,False,False
Swift,2018,1251737.0,115675,1000,White,10,6,Medium Tax Era,Medium,1,14.04004354356745,Mid (4-7yr),19279.166666666668,High,0,0,Small,2,2,3,2,False,False,False,False,False,False,False,True,False,False,False,True,False,True,False,False,False,False,True,True,True,False,True,False,False,False,False,False,False,False,False,False
Caravan,2019,1582175.0,92201,2000,Black,9,5,Medium Tax Era,Low,0,14.274311672702016,Mid (4-7yr),18440.2,Medium,0,0,Medium,1,2,2,3,False,False,False,False,False,False,True,False,False,False,False,False,True,False,False,False,True,False,True,True,True,False,False,False,True,False,False,False,False,False,False,False
Accord,2015,1408765.0,97757,2000,Brown,15,9,Low Tax Era,Low,0,14.158224701858138,Old (8-12yr),10861.888888888889,Medium,0,0,Medium,1,1,2,3,False,True,False,False,False,False,False,False,False,False,False,True,True,False,False,False,True,False,True,True,True,False,True,False,False,False,False,False,False,False,False,False
Aqua,2013,1636684.0,213461,1300,White,16,11,Low Tax Era,High,1,14.308183412669184,Old (8-12yr),19405.545454545456,Very High,0,1,Small,3,1,4,2,False,False,False,False,False,False,False,False,True,False,True,False,False,True,False,False,False,False,False,False,True,False,True,False,False,False,False,False,False,False,False,False
Tiida,2012,678170.0,139768,1500,White,5,12,Low Tax Era,Low,0,13.427154747511715,Old (8-12yr),11647.333333333334,High,0,0,Small,1,1,3,2,False,False,False,False,False,False,True,False,False,False,False,False,False,False,False,False,True,False,True,False,True,False,False,False,False,False,False,False,False,False,True,False
Insight,2016,1979503.0,72899,1000,Black,9,8,Medium Tax Era,High,0,14.498356866238582,Old (8-12yr),9112.375,Medium,0,0,Small,3,2,2,2,False,True,False,False,False,False,False,False,False,False,True,False,False,False,False,False,False,False,False,True,True,False,False,False,False,False,False,False,False,False,False,False
Rio,2021,3316256.0,57703,1000,White,13,3,High Tax Era,High,0,15.0143472952498,New (0-3yr),19234.333333333332,Medium,0,0,Small,3,3,2,2,False,False,False,True,False,False,False,False,False,False,True,False,False,False,False,True,False,False,True,False,True,False,False,False,False,False,False,False,False,False,True,False
Sportage,2008,500000.0,204724,2000,Black,6,16,Low Tax Era,Low,0,13.122365377402328,Vintage (13+yr),12795.25,Very High,0,0,Medium,1,1,4,3,False,False,False,True,False,False,False,False,False,False,False,True,False,False,False,False,False,True,True,True,True,False,False,False,False,False,False,False,True,False,False,False
Ertiga,2016,1108770.0,54901,2000,White,9,8,Medium Tax Era,High,0,13.918762752674589,Old (8-12yr),6862.625,Medium,0,0,Medium,3,2,2,3,False,False,False,False,False,False,False,True,False,False,True,False,True,False,False,False,False,False,True,False,True,False,True,False,False,False,False,False,False,False,False,False
Tucson,2018,2123034.0,117395,1000,Gold,17,6,Medium Tax Era,High,0,14.568357226654069,Mid (4-7yr),19565.833333333332,High,0,0,Small,3,2,3,2,False,False,True,False,False,False,False,False,False,False,True,False,False,False,True,False,False,False,True,True,True,False,False,False,True,False,False,False,False,False,False,False
Premio,2015,1800488.0,106617,0,Silver,13,9,Low Tax Era,Very High,0,14.403568852638353,Old (8-12yr),11846.333333333334,High,0,0,Micro,4,1,3,1,False,False,False,False,False,False,False,False,True,True,False,False,False,False,False,True,False,False,False,True,True,False,False,False,False,False,False,True,False,False,False,False
Vezel,2013,1240580.0,128582,1300,Black,16,11,Low Tax Era,Medium,1,14.031090376233797,Old (8-12yr),11689.272727272728,High,0,0,Small,2,1,3,2,False,True,False,False,False,False,False,False,False,False,False,False,False,False,True,False,False,False,True,True,True,False,False,False,True,False,False,False,False,False,False,False
Axio,2014,1326502.0,140481,1800,Blue,12,10,Low Tax Era,Low,1,14.098056714148026,Old (8-12yr),14048.1,High,0,0,Medium,1,1,3,3,False,False,False,False,False,False,False,False,True,False,False,True,False,False,False,True,False,False,True,False,True,False,False,False,False,False,False,False,False,False,True,False
Camry,2017,2781060.0,57881,1300,Silver,14,7,Medium Tax Era,High,0,14.838343067531458,Mid (4-7yr),8268.714285714286,Medium,0,0,Small,3,2,2,2,False,False,False,False,False,False,False,False,True,False,True,False,False,False,False,True,False,False,False,True,True,False,True,False,False,False,False,False,False,False,False,False
March,2012,670897.0,206525,660,White,8,12,Low Tax Era,Medium,0,13.416372392476331,Old (8-12yr),17210.416666666668,Very High,0,0,Micro,2,1,4,1,False,False,False,False,False,False,True,False,False,False,False,True,False,True,False,False,False,False,True,True,True,False,True,False,False,False,False,False,False,False,False,False
Montero,2016,1874168.0,78255,1300,White,11,8,Medium Tax Era,High,0,14.4436759191445,Old (8-12yr),9781.875,Medium,0,0,Small,3,2,2,2,False,False,False,False,False,True,False,False,False,False,True,False,False,False,False,False,False,True,True,True,True,False,True,False,False,False,False,False,False,False,False,False
CH-R,2018,3078909.0,84420,1800,White,15,6,Medium Tax Era,High,0,14.940086196209856,Mid (4-7yr),14070.0,Medium,0,0,Medium,3,2,2,3,False,False,False,False,False,False,False,False,True,False,True,False,False,False,True,False,False,False,True,False,True,False,False,False,False,False,False,False,False,False,True,False
CX-3,2018,2324093.0,90969,2000,Black,7,6,Medium Tax Era,High,0,14.658840843640263,Mid (4-7yr),15161.5,Medium,0,0,Medium,3,2,2,3,False,False,False,False,True,False,False,False,False,False,True,False,False,False,False,False,False,False,True,False,True,False,False,False,True,False,False,False,False,False,False,False
Wagon R,2009,500000.0,223532,800,White,7,15,Low Tax Era,Medium,1,13.122365377402328,Vintage (13+yr),14902.133333333333,Very High,0,0,Small,2,1,4,2,False,False,False,False,False,False,False,True,False,False,False,False,True,True,False,False,False,False,True,True,True,False,False,False,False,False,False,False,False,False,True,False
Accord,2009,625236.0,129431,1300,Blue,11,15,Low Tax Era,Medium,0,13.345886056840389,Vintage (13+yr),8628.733333333334,High,0,0,Small,2,1,3,2,False,True,False,False,False,False,False,False,False,False,False,True,False,False,False,False,True,False,True,True,True,False,True,False,False,False,False,False,False,False,False,False
Wagon R,2012,713373.0,199277,800,Brown,10,12,Low Tax Era,High,1,13.477761106050748,Old (8-12yr),16606.416666666668,Very High,0,0,Small,3,1,4,2,False,False,False,False,False,False,False,True,False,False,True,False,False,True,False,False,False,False,True,False,True,False,False,False,False,False,False,False,False,False,False,False
Axio,2009,728560.0,184405,1800,Black,17,15,Low Tax Era,Low,1,13.498826634811309,Vintage (13+yr),12293.666666666666,Very High,0,0,Medium,1,1,4,3,False,False,False,False,False,False,False,False,True,False,False,True,False,False,False,True,False,False,True,False,True,False,False,False,False,False,False,False,False,False,True,False
Freed,2015,1536349.0,90551,1500,White,18,9,Low Tax Era,Low,0,14.244920031315896,Old (8-12yr),10061.222222222223,Medium,0,0,Small,1,1,2,2,False,True,False,False,False,False,False,False,False,False,False,True,False,False,False,False,True,False,True,True,True,False,False,False,True,False,False,False,False,False,False,False
Grace,2016,1699691.0,88351,1300,White,18,8,Medium Tax Era,Medium,0,14.345957616141417,Old (8-12yr),11043.875,Medium,0,0,Small,2,2,2,2,False,True,False,False,False,False,False,False,False,False,False,True,False,False,False,True,False,False,True,False,True,False,True,False,False,False,False,False,False,False,False,False
Accord,2016,1867725.0,58226,1000,Black,20,8,Medium Tax Era,High,0,14.44023220607004,Old (8-12yr),7278.25,Medium,0,0,Small,3,2,2,2,False,True,False,False,False,False,False,False,False,False,True,False,False,False,False,False,False,True,True,False,True,False,False,False,False,False,False,False,False,False,True,False
Alto,2016,1068936.0,58413,800,White,23,8,Medium Tax Era,Medium,1,13.882175254687743,Old (8-12yr),7301.625,Medium,0,0,Small,2,2,2,2,False,False,False,False,False,False,False,True,False,False,False,True,True,True,False,False,False,False,True,True,True,False,True,False,False,False,False,False,False,False,False,False
Camry,2018,2405225.0,57156,1800,White,16,6,Medium Tax Era,Low,0,14.693154428000982,Mid (4-7yr),9526.0,Medium,0,0,Medium,1,2,2,3,False,False,False,False,False,False,False,False,True,False,False,True,False,False,False,True,False,False,False,True,True,False,True,False,False,False,False,False,False,False,False,False
Mazda 3,2020,3157685.0,41898,2000,White,16,4,High Tax Era,High,0,14.965350038835233,Mid (4-7yr),10474.5,Low,0,0,Medium,3,3,1,3,False,False,False,False,True,False,False,False,False,False,True,False,False,False,False,True,False,False,True,True,True,False,False,False,False,False,False,False,True,False,False,False
Demio,2014,1233465.0,215501,1800,Red,8,10,Low Tax Era,Low,0,14.025338650728935,Old (8-12yr),21550.1,Very High,0,0,Medium,1,1,4,3,False,False,False,False,True,False,False,False,False,False,False,False,False,True,False,False,False,False,True,True,True,False,True,False,False,False,False,False,False,False,False,False
Aqua,2010,755258.0,147592,1000,White,10,14,Low Tax Era,Medium,1,13.534816015761828,Vintage (13+yr),10542.285714285714,High,0,1,Small,2,1,3,2,False,False,False,False,False,False,False,False,True,False,False,True,True,True,False,False,False,False,False,False,True,False,False,False,False,False,True,False,False,False,False,False
Vezel,2019,3766671.0,75447,1800,Black,24,5,Medium Tax Era,High,1,15.14170241094266,Mid (4-7yr),15089.4,Medium,0,0,Medium,3,2,2,3,False,False,False,False,False,False,False,False,True,False,True,False,False,False,True,False,False,False,True,True,True,False,False,False,False,False,False,False,True,False,False,False
Hustler,2018,1489994.0,111028,1000,White,24,6,Medium Tax Era,Medium,0,14.214283322211314,Mid (4-7yr),18504.666666666668,High,0,0,Small,2,2,3,2,False,False,False,False,False,False,False,True,False,False,False,True,False,False,False,True,False,False,True,True,True,False,False,True,False,False,False,False,False,False,False,False
i10,2014,1058185.0,205410,0,Black,7,10,Low Tax Era,Very High,0,13.872066679351422,Old (8-12yr),20541.0,Very High,0,0,Micro,4,1,4,1,False,False,True,False,False,False,False,False,False,True,False,False,True,False,False,False,False,False,False,True,True,False,False,False,False,False,False,True,False,False,False,False
Civic,2008,500000.0,212152,1500,White,8,16,Low Tax Era,Low,0,13.122365377402328,Vintage (13+yr),13259.5,Very High,0,0,Small,1,1,4,2,False,True,False,False,False,False,False,False,False,False,False,True,True,False,False,True,False,False,True,False,True,False,False,False,False,True,False,False,False,False,False,False
Insight,2019,2610624.0,97589,1800,Silver,19,5,Medium Tax Era,Low,0,14.775100214233577,Mid (4-7yr),19517.8,Medium,0,0,Medium,1,2,2,3,False,True,False,False,False,False,False,False,False,False,False,True,False,False,True,False,False,False,True,False,True,False,False,True,False,False,False,False,False,False,False,False
Camry,2021,3738360.0,31995,1000,Green,24,3,High Tax Era,Medium,0,15.134157838043446,New (0-3yr),10665.0,Low,0,0,Small,2,3,1,2,False,False,False,False,False,False,False,False,True,False,False,True,True,False,False,True,False,False,False,False,True,False,False,False,False,False,False,False,False,True,False,False
Civic,2015,1455162.0,84112,1000,White,11,9,Low Tax Era,Medium,0,14.190628479804529,Old (8-12yr),9345.777777777777,Medium,0,0,Small,2,1,2,2,False,True,False,False,False,False,False,False,False,False,False,True,False,False,False,True,False,False,True,False,True,False,False,False,False,False,False,False,True,False,False,False
Accent,2010,544026.0,220926,2000,Silver,13,14,Low Tax Era,Low,0,13.206754156959377,Vintage (13+yr),15780.42857142857,Very High,0,0,Medium,1,1,4,3,False,False,True,False,False,False,False,False,False,False,False,True,False,False,False,True,False,False,True,False,True,False,False,False,False,False,True,False,False,False,False,False
CH-R,2021,4364980.125,50111,1000,White,15,3,High Tax Era,High,0,15.28912442307696,New (0-3yr),16703.666666666668,Medium,0,0,Small,3,3,2,2,False,False,False,False,False,False,False,False,True,False,True,False,False,False,True,False,False,False,True,False,True,False,True,False,False,False,False,False,False,False,False,False
Fit,2019,2501268.0,112805,1500,White,20,5,Medium Tax Era,Low,1,14.732308761053128,Mid (4-7yr),22561.0,High,0,1,Small,1,2,3,2,False,True,False,False,False,False,False,False,False,False,False,False,True,True,False,False,False,False,False,False,True,False,False,False,False,False,False,False,False,False,False,False
Prius,2019,3311546.0,110097,1300,White,19,5,Medium Tax Era,High,1,15.012926009770366,Mid (4-7yr),22019.4,High,0,1,Small,3,2,3,2,False,False,False,False,False,False,False,False,True,False,True,False,False,False,False,False,False,True,False,True,True,False,False,False,False,False,False,False,False,True,False,False
Alto,2021,2367273.0,15997,0,White,20,3,High Tax Era,Very High,1,14.677249640140536,New (0-3yr),5332.333333333333,Low,0,0,Micro,4,3,1,1,False,False,False,False,False,False,False,True,False,True,False,False,True,True,False,False,False,False,True,True,True,False,False,True,False,False,False,False,False,False,False,False
Fit,2012,1117048.0,172693,0,White,5,12,Low Tax Era,Very High,1,13.926200944591425,Old (8-12yr),14391.083333333334,Very High,0,1,Micro,4,1,4,1,False,True,False,False,False,False,False,False,False,True,False,False,False,True,False,False,False,False,False,True,True,False,False,False,True,False,False,False,False,False,False,False
Swift,2017,1726745.0,91553,0,White,19,7,Medium Tax Era,Very High,1,14.36174927045802,Mid (4-7yr),13079.0,Medium,0,1,Micro,4,2,2,1,False,False,False,False,False,False,False,True,False,True,False,False,False,True,False,False,False,False,False,True,True,False,False,False,False,False,False,False,False,True,False,False
Accord,2020,3378304.0,48357,0,White,6,4,High Tax Era,Very High,0,15.032884662386468,Mid (4-7yr),12089.25,Low,0,0,Micro,4,3,1,1,False,True,False,False,False,False,False,False,False,True,False,False,False,False,False,False,True,False,True,True,True,False,True,False,False,False,False,False,False,False,False,False
Celerio,2021,2386399.0,36682,1800,Red,23,3,High Tax Era,Low,0,14.685296512182676,New (0-3yr),12227.333333333334,Low,0,0,Medium,1,3,1,3,False,False,False,False,False,False,False,True,False,False,False,False,False,False,False,False,True,False,True,False,True,False,False,False,False,False,False,False,False,False,True,False
Freed,2020,3844948.0,23983,2000,White,14,4,High Tax Era,High,0,15.16227089685472,Mid (4-7yr),5995.75,Low,0,0,Medium,3,3,1,3,False,True,False,False,False,False,False,False,False,False,True,False,False,False,False,False,True,False,True,True,True,False,True,False,False,False,False,False,False,False,False,False
i10,2016,1526380.0,53665,1500,Gold,20,8,Medium Tax Era,High,0,14.238410132009589,Old (8-12yr),6708.125,Medium,0,0,Small,3,2,2,2,False,False,True,False,False,False,False,False,False,False,True,False,False,False,False,False,True,False,True,True,True,False,False,False,False,False,False,False,False,False,True,False
Celerio,2009,500000.0,187181,1000,White,22,15,Low Tax Era,Medium,0,13.122365377402328,Vintage (13+yr),12478.733333333334,Very High,0,0,Small,2,1,4,2,False,False,False,False,False,False,False,True,False,False,False,True,False,True,False,False,False,False,True,False,True,False,False,False,False,False,False,False,False,False,False,False
CH-R,2015,2037310.0,67684,0,Black,8,9,Low Tax Era,Very High,0,14.527141359058415,Old (8-12yr),7520.444444444444,Medium,0,0,Micro,4,1,2,1,False,False,False,False,False,False,False,False,True,True,False,False,False,False,True,False,False,False,False,False,True,False,False,False,True,False,False,False,False,False,False,False
Rio,2017,1365636.0,104442,2000,Brown,12,7,Medium Tax Era,Low,0,14.12713154441284,Mid (4-7yr),14920.285714285714,High,0,0,Medium,1,2,3,3,False,False,False,True,False,False,False,False,False,False,False,True,False,False,False,False,False,True,False,False,True,False,False,False,False,False,False,False,True,False,False,False
Corolla,2014,1802605.0,226123,1000,Brown,23,10,Low Tax Era,High,0,14.40474395362437,Old (8-12yr),22612.3,Very High,0,0,Small,3,1,4,2,False,False,False,False,False,False,False,False,True,False,True,False,False,False,False,True,False,False,True,False,True,True,False,False,False,False,False,False,False,False,False,False
Vezel,2016,1847043.0,44176,1300,Black,11,8,Medium Tax Era,Medium,1,14.429097081312355,Old (8-12yr),5522.0,Low,0,0,Small,2,2,1,2,False,False,False,False,False,False,False,False,True,False,False,True,False,False,True,False,False,False,True,True,True,False,False,False,False,False,False,True,False,False,False,False
C200,2016,3256603.0,86902,2400,White,22,8,Medium Tax Era,Low,0,14.996195492586391,Old (8-12yr),10862.75,Medium,8,0,Large,1,2,2,4,True,False,False,False,False,False,False,False,False,False,False,False,False,True,False,False,False,False,True,True,False,False,False,False,False,False,False,False,False,False,False,True
Accord,2018,2332107.0,80108,2000,Blue,10,6,Medium Tax Era,High,0,14.662283137558532,Mid (4-7yr),13351.333333333334,Medium,0,0,Medium,3,2,2,3,False,True,False,False,False,False,False,False,False,False,True,False,False,False,False,False,True,False,True,False,True,False,False,False,False,False,False,False,False,False,False,False
A-Class,2017,3342167.0,87366,2400,Black,10,7,Medium Tax Era,Low,0,15.022130256173838,Mid (4-7yr),12480.857142857143,Medium,7,0,Large,1,2,2,4,True,False,False,False,False,False,False,False,False,False,False,True,True,False,False,True,False,False,True,False,False,False,False,False,False,False,False,False,False,False,True,False
Swift,2011,551674.0,183719,1800,Silver,21,13,Low Tax Era,Low,1,13.22071438375128,Vintage (13+yr),14132.23076923077,Very High,0,1,Medium,1,1,4,3,False,False,False,False,False,False,False,True,False,False,False,True,False,True,False,False,False,False,False,True,True,False,False,False,False,False,False,False,False,True,False,False
Prius,2022,4364980.125,30457,1800,Silver,18,2,High Tax Era,High,1,15.28912442307696,New (0-3yr),15228.5,Low,0,0,Medium,3,3,1,3,False,False,False,False,False,False,False,False,True,False,True,False,False,False,False,False,False,False,True,False,True,False,False,True,False,False,False,False,False,False,False,False
CH-R,2009,623689.0,163576,1300,White,6,15,Low Tax Era,Medium,0,13.343408729036312,Vintage (13+yr),10905.066666666668,Very High,0,0,Small,2,1,4,2,False,False,False,False,False,False,False,False,True,False,False,True,False,False,True,False,False,False,False,False,True,False,False,False,False,False,False,False,False,False,False,False
Picanto,2010,518936.0,166540,1000,Black,13,14,Low Tax Era,Medium,0,13.159537767496756,Vintage (13+yr),11895.714285714286,Very High,0,0,Small,2,1,4,2,False,False,False,True,False,False,False,False,False,False,False,True,True,False,False,False,True,False,True,True,True,False,True,False,False,False,False,False,False,False,False,False
Vezel,2018,2941825.0,101086,2000,Red,24,6,Medium Tax Era,High,1,14.89454103495464,Mid (4-7yr),16847.666666666668,High,0,0,Medium,3,2,3,3,False,False,False,False,False,False,False,False,True,False,True,False,False,False,True,False,False,False,True,False,True,False,False,False,False,False,False,False,True,False,False,False
Cerato,2014,1262637.0,166067,1800,Silver,11,10,Low Tax Era,High,0,14.048713741088777,Old (8-12yr),16606.7,Very High,0,0,Medium,3,1,4,3,False,False,False,True,False,False,False,False,False,False,True,False,False,False,False,False,False,False,True,False,True,False,False,False,False,False,False,False,False,False,False,False
Spacia,2021,2974650.0,25110,1300,Black,19,3,High Tax Era,High,0,14.905637279156032,New (0-3yr),8370.0,Low,0,0,Small,3,3,1,2,False,False,False,False,False,False,False,True,False,False,True,False,False,False,False,False,False,False,True,True,True,False,True,False,False,False,False,False,False,False,False,False
Celerio,2015,1145775.0,50223,1800,White,22,9,Low Tax Era,High,0,13.951592694673357,Old (8-12yr),5580.333333333333,Medium,0,0,Medium,3,1,2,3,False,False,False,False,False,False,False,True,False,False,True,False,False,False,True,False,False,False,False,True,True,False,False,False,False,True,False,False,False,False,False,False
Alto,2020,2109306.0,26055,660,Black,7,4,High Tax Era,High,1,14.56187001548637,Mid (4-7yr),6513.75,Low,0,1,Micro,3,3,1,1,False,False,False,False,False,False,False,True,False,False,True,False,False,True,False,False,False,False,False,True,True,False,True,False,False,False,False,False,False,False,False,False
CX-3,2021,3999103.0,17631,2000,Grey,17,3,High Tax Era,High,0,15.201580893992418,New (0-3yr),5877.0,Low,0,0,Medium,3,3,1,3,False,False,False,False,True,False,False,False,False,False,True,False,False,False,False,False,False,True,True,False,True,False,False,False,False,True,False,False,False,False,False,False
Tiida,2014,1110679.0,123168,1300,Silver,6,10,Low Tax Era,High,0,13.920482998330625,Old (8-12yr),12316.8,High,0,0,Small,3,1,3,2,False,False,False,False,False,False,True,False,False,False,True,False,False,False,True,False,False,False,True,False,True,False,False,False,False,True,False,False,False,False,False,False
Mirage,2015,1096101.0,115955,1500,White,5,9,Low Tax Era,Low,0,13.907270807853186,Old (8-12yr),12883.888888888889,High,0,0,Small,1,1,3,2,False,False,False,False,False,True,False,False,False,False,False,False,False,False,True,False,False,False,False,False,True,False,False,False,False,False,False,False,True,False,False,False
Alto,2013,725579.0,86955,660,Green,6,11,Low Tax Era,Medium,1,13.494726614007376,Old (8-12yr),7905.0,Medium,0,1,Micro,2,1,2,1,False,False,False,False,False,False,False,True,False,False,False,False,True,True,False,False,False,False,False,False,True,False,True,False,False,False,False,False,False,False,False,False
Premio,2019,3009600.0,88481,0,White,8,5,Medium Tax Era,Very High,0,14.917318069798917,Mid (4-7yr),17696.2,Medium,0,0,Micro,4,2,2,1,False,False,False,False,False,False,False,False,True,True,False,False,False,False,False,True,False,False,True,False,True,False,False,True,False,False,False,False,False,False,False,False
Every,2021,2387112.0,51075,1300,Red,9,3,High Tax Era,High,0,14.685595243957493,New (0-3yr),17025.0,Medium,0,0,Small,3,3,2,2,False,False,False,False,False,False,False,True,False,False,True,False,False,False,False,False,True,False,True,False,True,False,False,False,False,False,False,False,False,True,False,False
Allion,2009,587472.0,200212,1300,Silver,5,15,Low Tax Era,Medium,0,13.283585566497567,Vintage (13+yr),13347.466666666667,Very High,0,0,Small,2,1,4,2,False,False,False,False,False,False,False,False,True,False,False,True,False,False,False,True,False,False,False,False,True,False,False,False,False,False,False,True,False,False,False,False
Celerio,2021,2115596.0,44389,1500,Red,21,3,High Tax Era,Low,0,14.56484760013552,New (0-3yr),14796.333333333334,Low,0,0,Small,1,3,1,2,False,False,False,False,False,False,False,True,False,False,False,True,False,False,False,False,False,True,True,False,True,False,False,False,True,False,False,False,False,False,False,False
CH-R,2018,2255784.0,81751,1300,White,17,6,Medium Tax Era,Medium,0,14.629008585640179,Mid (4-7yr),13625.166666666666,Medium,0,0,Small,2,2,2,2,False,False,False,False,False,False,False,False,True,False,False,True,False,False,True,False,False,False,True,False,True,False,False,False,False,False,False,False,False,False,True,False
320i,2021,4364980.125,49351,2500,Black,21,3,High Tax Era,Low,0,15.28912442307696,New (0-3yr),16450.333333333332,Low,3,0,Large,1,3,1,4,False,False,False,False,False,False,False,False,False,False,False,True,False,True,False,False,False,False,True,False,False,False,True,False,False,False,False,False,False,False,False,False
Spacia,2012,503501.0,84454,1000,White,6,12,Low Tax Era,Medium,0,13.129342963327503,Old (8-12yr),7037.833333333333,Medium,0,0,Small,2,1,2,2,False,False,False,False,False,False,False,True,False,False,False,True,True,False,False,False,True,False,False,False,True,False,False,False,False,False,False,False,False,False,True,False
Corolla,2013,1221575.0,92875,1300,Brown,6,11,Low Tax Era,Medium,0,14.015652386328146,Old (8-12yr),8443.181818181818,Medium,0,0,Small,2,1,2,2,False,False,False,False,False,False,False,False,True,False,False,False,True,False,False,True,False,False,True,False,True,False,True,False,False,False,False,False,False,False,False,False
Vezel,2016,2005438.0,114944,1000,Black,10,8,Medium Tax Era,High,1,14.511373547374633,Old (8-12yr),14368.0,High,0,0,Small,3,2,3,2,False,False,False,False,False,False,False,False,True,False,True,False,False,False,True,False,False,False,True,False,True,False,True,False,False,False,False,False,False,False,False,False
X-Trail,2020,2445684.0,43390,1300,Silver,5,4,High Tax Era,High,0,14.7098358052518,Mid (4-7yr),10847.5,Low,0,0,Small,3,3,1,2,False,False,False,False,False,False,True,False,False,False,True,False,False,False,True,False,False,False,False,False,True,False,False,False,True,False,False,False,False,False,False,False
Axio,2017,2096379.0,56482,1300,Silver,13,7,Medium Tax Era,Medium,1,14.55572260570055,Mid (4-7yr),8068.857142857143,Medium,0,1,Small,2,2,2,2,False,False,False,False,False,False,False,False,True,False,False,True,False,False,False,True,False,False,False,False,True,False,True,False,False,False,False,False,False,False,False,False
Premio,2022,4364980.125,46419,1000,Blue,23,2,High Tax Era,High,0,15.28912442307696,New (0-3yr),23209.5,Low,0,0,Small,3,3,1,2,False,False,False,False,False,False,False,False,True,False,True,False,False,False,False,True,False,False,False,False,True,False,False,False,False,False,False,True,False,False,False,False
Accord,2017,2405823.0,64288,0,White,15,7,Medium Tax Era,Very High,0,14.693403022383945,Mid (4-7yr),9184.0,Medium,0,0,Micro,4,2,2,1,False,True,False,False,False,False,False,False,False,True,False,False,False,False,True,False,False,False,True,True,True,True,False,False,False,False,False,False,False,False,False,False
CH-R,2019,2378142.0,95916,1800,Black,10,5,Medium Tax Era,Low,0,14.681830488991716,Mid (4-7yr),19183.2,Medium,0,0,Medium,1,2,2,3,False,False,False,False,False,False,False,False,True,False,False,True,False,False,True,False,False,False,False,True,True,False,False,False,False,False,False,False,False,False,True,False
Hustler,2019,2298357.0,84852,1800,White,17,5,Medium Tax Era,High,0,14.64770551289863,Mid (4-7yr),16970.4,Medium,0,0,Medium,3,2,2,3,False,False,False,False,False,False,False,True,False,False,True,False,False,False,True,False,False,False,False,False,True,False,True,False,False,False,False,False,False,False,False,False
Insight,2020,2374243.0,18447,1500,Grey,6,4,High Tax Era,Low,0,14.680189628988181,Mid (4-7yr),4611.75,Low,0,0,Small,1,3,1,2,False,True,False,False,False,False,False,False,False,False,False,True,False,False,False,False,True,False,True,False,True,False,False,False,False,False,False,False,False,False,True,False
CH-R,2015,1538771.0,105365,2000,White,10,9,Low Tax Era,High,0,14.246495253697848,Old (8-12yr),11707.222222222223,High,0,0,Medium,3,1,3,3,False,False,False,False,False,False,False,False,True,False,True,False,True,False,True,False,False,False,False,True,True,False,False,False,True,False,False,False,False,False,False,False
Every,2016,1093939.0,103332,0,Black,11,8,Medium Tax Era,Very High,0,13.905296415853096,Old (8-12yr),12916.5,High,0,0,Micro,4,2,3,1,False,False,False,False,False,False,False,True,False,True,False,False,True,False,False,False,True,False,True,True,True,False,False,False,True,False,False,False,False,False,False,False
Spacia,2020,2635363.0,35151,1500,Black,23,4,High Tax Era,High,0,14.784531870834549,Mid (4-7yr),8787.75,Low,0,0,Small,3,3,1,2,False,False,False,False,False,False,False,True,False,False,True,False,False,True,False,False,False,False,True,True,True,False,True,False,False,False,False,False,False,False,False,False
CH-R,2013,1482267.0,118493,1300,White,21,11,Low Tax Era,High,0,14.209083905196335,Old (8-12yr),10772.09090909091,High,0,0,Small,3,1,3,2,False,False,False,False,False,False,False,False,True,False,True,False,False,False,True,False,False,False,False,True,True,False,False,True,False,False,False,False,False,False,False,False
Camry,2016,1822001.0,75989,1000,White,13,8,Medium Tax Era,Medium,0,14.41544645449628,Old (8-12yr),9498.625,Medium,0,0,Small,2,2,2,2,False,False,False,False,False,False,False,False,True,False,False,True,False,False,False,True,False,False,True,True,True,False,True,False,False,False,False,False,False,False,False,False
Celerio,2017,1332235.0,58615,1000,Silver,16,7,Medium Tax Era,Medium,0,14.102369291565626,Mid (4-7yr),8373.57142857143,Medium,0,0,Small,2,2,2,2,False,False,False,False,False,False,False,True,False,False,False,True,False,False,False,False,False,True,True,True,True,False,False,False,False,False,False,False,True,False,False,False
Vezel,2017,2594246.0,40026,1300,Grey,10,7,Medium Tax Era,High,1,14.768806859063272,Mid (4-7yr),5718.0,Low,0,1,Small,3,2,1,2,False,False,False,False,False,False,False,False,True,False,True,False,False,False,True,False,False,False,False,False,True,False,False,False,False,False,False,True,False,False,False,False
Juke,2015,1211661.0,106332,1000,White,15,9,Low Tax Era,High,0,14.007503528829938,Old (8-12yr),11814.666666666666,High,0,0,Small,3,1,3,2,False,False,False,False,False,False,True,False,False,False,True,False,False,False,False,True,False,False,True,True,True,False,False,True,False,False,False,False,False,False,False,False
Corolla,2020,3481018.0,19866,1000,Black,11,4,High Tax Era,High,0,15.062835624980346,Mid (4-7yr),4966.5,Low,0,0,Small,3,3,1,2,False,False,False,False,False,False,False,False,True,False,True,False,False,False,False,True,False,False,True,True,True,False,True,False,False,False,False,False,False,False,False,False
Spacia,2020,2689201.0,40822,0,Green,24,4,High Tax Era,Very High,0,14.804755053292345,Mid (4-7yr),10205.5,Low,0,0,Micro,4,3,1,1,False,False,False,False,False,False,False,True,False,True,False,False,False,False,True,False,False,False,True,True,True,False,False,False,False,False,True,False,False,False,False,False
Ertiga,2014,909362.0,164511,1300,Brown,20,10,Low Tax Era,High,0,13.720499633378639,Old (8-12yr),16451.1,Very High,0,0,Small,3,1,4,2,False,False,False,False,False,False,False,True,False,False,True,False,True,False,False,False,True,False,False,False,True,False,False,False,False,False,False,False,False,False,False,False
CH-R,2020,3618403.0,30233,1300,Grey,10,4,High Tax Era,High,0,15.101543602606137,Mid (4-7yr),7558.25,Low,0,0,Small,3,3,1,2,False,False,False,False,False,False,False,False,True,False,True,False,False,False,True,False,False,False,True,True,True,False,False,False,True,False,False,False,False,False,False,False
Grace,2013,1305997.0,105301,1300,Gold,5,11,Low Tax Era,High,0,14.082478057423772,Old (8-12yr),9572.818181818182,High,0,0,Small,3,1,3,2,False,True,False,False,False,False,False,False,False,False,True,False,False,False,False,True,False,False,True,True,True,False,False,True,False,False,False,False,False,False,False,False
Alto,2015,1241782.0,49566,1000,White,15,9,Low Tax Era,High,1,14.032058808014101,Old (8-12yr),5507.333333333333,Low,0,0,Small,3,1,1,2,False,False,False,False,False,False,False,True,False,False,True,False,False,True,False,False,False,False,True,True,True,False,False,False,False,False,False,False,False,False,False,True
Hustler,2020,2629688.0,32215,0,Gold,21,4,High Tax Era,Very High,0,14.782376146211183,Mid (4-7yr),8053.75,Low,0,0,Micro,4,3,1,1,False,False,False,False,False,False,False,True,False,True,False,False,False,False,False,False,False,False,True,False,True,False,False,False,False,False,False,False,True,False,False,False
Ertiga,2016,1372179.0,94583,2000,Brown,13,8,Medium Tax Era,High,0,14.13191127399789,Old (8-12yr),11822.875,Medium,0,0,Medium,3,2,2,3,False,False,False,False,False,False,False,True,False,False,True,False,False,False,False,False,False,True,False,False,True,False,False,False,False,True,False,False,False,False,False,False
Prius,2020,2764264.0,51551,1300,Silver,6,4,High Tax Era,Medium,1,14.832285334816623,Mid (4-7yr),12887.75,Medium,0,1,Small,2,3,2,2,False,False,False,False,False,False,False,False,True,False,False,True,False,False,False,False,False,False,False,False,True,False,False,False,False,True,False,False,False,False,False,False
Corolla,2017,2807022.0,82340,1300,Red,21,7,Medium Tax Era,High,0,14.847635049111663,Mid (4-7yr),11762.857142857143,Medium,0,0,Small,3,2,2,2,False,False,False,False,False,False,False,False,True,False,True,False,False,False,False,True,False,False,True,False,True,False,False,False,False,False,False,False,False,False,True,False
Every,2015,962877.0,41711,1000,White,11,9,Low Tax Era,Medium,0,13.777681995319632,Old (8-12yr),4634.555555555556,Low,0,0,Small,2,1,1,2,False,False,False,False,False,False,False,True,False,False,False,True,False,False,False,False,True,False,True,True,True,False,True,False,False,False,False,False,False,False,False,False
Caravan,2012,826730.0,155205,1000,White,22,12,Low Tax Era,High,0,13.62523464902568,Old (8-12yr),12933.75,Very High,0,0,Small,3,1,4,2,False,False,False,False,False,False,True,False,False,False,True,False,True,False,False,False,True,False,True,True,True,False,False,False,True,False,False,False,False,False,False,False
A-Class,2010,1211379.0,167745,3500,White,8,14,Low Tax Era,Low,0,14.00727076356935,Vintage (13+yr),11981.785714285714,Very High,14,0,Large,1,1,4,4,True,False,False,False,False,False,False,False,False,False,False,True,True,False,False,False,False,True,True,False,False,False,True,False,False,False,False,False,False,False,False,False
Wagon R,2013,670506.0,93117,1000,Silver,11,11,Low Tax Era,Medium,1,13.415789421619545,Old (8-12yr),8465.181818181818,Medium,0,0,Small,2,1,2,2,False,False,False,False,False,False,False,True,False,False,False,True,False,True,False,False,False,False,True,True,True,False,False,False,False,False,False,False,False,False,True,False
Tucson,2020,2103036.0,50383,1800,White,14,4,High Tax Era,Low,0,14.558893048443522,Mid (4-7yr),12595.75,Medium,0,0,Medium,1,3,2,3,False,False,True,False,False,False,False,False,False,False,False,True,False,False,True,False,False,False,True,False,True,False,False,False,True,False,False,False,False,False,False,False
Picanto,2020,3087737.0,23155,1000,White,22,4,High Tax Era,High,0,14.942949341967715,Mid (4-7yr),5788.75,Low,0,0,Small,3,3,1,2,False,False,False,True,False,False,False,False,False,False,True,False,False,False,False,False,True,False,True,False,True,False,True,False,False,False,False,False,False,False,False,False
Vezel,2016,2213601.0,119858,1500,Black,23,8,Medium Tax Era,High,1,14.610131610960046,Old (8-12yr),14982.25,High,0,1,Small,3,2,3,2,False,False,False,False,False,False,False,False,True,False,True,False,False,False,True,False,False,False,False,True,True,False,True,False,False,False,False,False,False,False,False,False
Axela,2016,1705454.0,118591,1300,White,18,8,Medium Tax Era,Medium,0,14.349342495268466,Old (8-12yr),14823.875,High,0,0,Small,2,2,3,2,False,False,False,False,True,False,False,False,False,False,False,False,False,False,False,False,True,False,False,False,True,False,True,False,False,False,False,False,False,False,False,False
Vezel,2021,4364980.125,24319,1800,Black,20,3,High Tax Era,High,1,15.28912442307696,New (0-3yr),8106.333333333333,Low,0,0,Medium,3,3,1,3,False,False,False,False,False,False,False,False,True,False,True,False,False,False,True,False,False,False,True,True,True,False,False,False,False,False,False,False,True,False,False,False
Hustler,2020,2284143.0,38301,1800,Black,13,4,High Tax Era,High,0,14.641501895056106,Mid (4-7yr),9575.25,Low,0,0,Medium,3,3,1,3,False,False,False,False,False,False,False,True,False,False,True,False,False,False,False,False,False,True,True,True,True,False,False,False,False,False,False,True,False,False,False,False
March,2017,1666657.0,49236,660,White,5,7,Medium Tax Era,High,0,14.326330981716744,Mid (4-7yr),7033.714285714285,Low,0,0,Micro,3,2,1,1,False,False,False,False,False,False,True,False,False,False,True,False,False,True,False,False,False,False,True,True,True,False,False,False,False,False,False,False,False,True,False,False
Premio,2011,888279.0,169049,1500,White,16,13,Low Tax Era,Low,0,13.697042287588197,Vintage (13+yr),13003.76923076923,Very High,0,0,Small,1,1,4,2,False,False,False,False,False,False,False,False,True,False,False,True,False,False,False,True,False,False,False,True,True,True,False,False,False,False,False,False,False,False,False,False
Hustler,2018,1685874.0,50745,2000,Red,24,6,Medium Tax Era,Low,0,14.33779527481916,Mid (4-7yr),8457.5,Medium,0,0,Medium,1,2,2,3,False,False,False,False,False,False,False,True,False,False,False,False,False,False,False,False,False,False,False,True,True,False,False,False,False,False,False,False,True,False,False,False
Axio,2021,4066051.0,43793,1000,Black,18,3,High Tax Era,High,1,15.218183062070452,New (0-3yr),14597.666666666666,Low,0,0,Small,3,3,1,2,False,False,False,False,False,False,False,False,True,False,True,False,False,False,False,True,False,False,True,False,True,False,False,False,False,False,True,False,False,False,False,False
Premio,2013,1469118.0,244781,2000,Red,21,11,Low Tax Era,High,0,14.200173459363173,Old (8-12yr),22252.81818181818,Very High,0,0,Medium,3,1,4,3,False,False,False,False,False,False,False,False,True,False,True,False,False,False,False,True,False,False,False,True,True,False,True,False,False,False,False,False,False,False,False,False
Allion,2011,801695.0,174593,2000,White,15,13,Low Tax Era,Low,0,13.594484762621066,Vintage (13+yr),13430.23076923077,Very High,0,0,Medium,1,1,4,3,False,False,False,False,False,False,False,False,True,False,False,False,True,False,False,True,False,False,True,False,True,False,False,False,False,False,False,False,True,False,False,False
Caravan,2019,2407779.0,41301,0,Gold,23,5,Medium Tax Era,Very High,0,14.69421571911083,Mid (4-7yr),8260.2,Low,0,0,Micro,4,2,1,1,False,False,False,False,False,False,True,False,False,True,False,False,False,False,False,False,True,False,True,True,True,False,False,True,False,False,False,False,False,False,False,False
Accord,2015,1671416.0,107641,1800,Black,10,9,Low Tax Era,High,0,14.329182327611784,Old (8-12yr),11960.111111111111,High,0,0,Medium,3,1,3,3,False,True,False,False,False,False,False,False,False,False,True,False,True,True,False,False,False,False,False,True,True,False,False,False,True,False,False,False,False,False,False,False
Prius,2010,749890.0,179251,1500,Red,17,14,Low Tax Era,Low,1,13.527683141617247,Vintage (13+yr),12803.642857142857,Very High,0,1,Small,1,1,4,2,False,False,False,False,False,False,False,False,True,False,False,True,False,False,False,False,True,False,False,True,True,False,False,False,False,False,False,False,True,False,False,False
Mazda 3,2016,1456143.0,96680,1500,Red,8,8,Medium Tax Era,Low,0,14.191302403947278,Old (8-12yr),12085.0,Medium,0,0,Small,1,2,2,2,False,False,False,False,True,False,False,False,False,False,False,True,False,False,False,True,False,False,False,True,True,False,False,False,False,False,False,False,False,False,True,False
Hustler,2018,1826042.0,95412,1500,Grey,16,6,Medium Tax Era,High,0,14.4176618886002,Mid (4-7yr),15902.0,Medium,0,0,Small,3,2,2,2,False,False,False,False,False,False,False,True,False,False,True,False,False,False,False,False,False,True,False,False,True,False,True,False,False,False,False,False,False,False,False,False
Prius,2018,2638465.0,62286,1300,Brown,5,6,Medium Tax Era,High,1,14.7857082456353,Mid (4-7yr),10381.0,Medium,0,0,Small,3,2,2,2,False,False,False,False,False,False,False,False,True,False,True,False,False,False,False,False,True,False,True,True,True,False,False,False,False,False,False,True,False,False,False,False
CX-3,2009,535777.0,189762,2000,White,14,15,Low Tax Era,Low,0,13.191475175152606,Vintage (13+yr),12650.8,Very High,0,0,Medium,1,1,4,3,False,False,False,False,True,False,False,False,False,False,False,True,True,True,False,False,False,False,False,True,True,False,True,False,False,False,False,False,False,False,False,False
CH-R,2014,1547912.0,150320,0,Black,24,10,Low Tax Era,Very High,0,14.252418130002056,Old (8-12yr),15032.0,Very High,0,0,Micro,4,1,4,1,False,False,False,False,False,False,False,False,True,True,False,False,True,False,True,False,False,False,True,False,True,False,False,False,False,False,False,False,False,False,False,False
CX-5,2021,3863259.0,59740,1800,Grey,15,3,High Tax Era,High,0,15.167021944586734,New (0-3yr),19913.333333333332,Medium,0,0,Medium,3,3,2,3,False,False,False,False,True,False,False,False,False,False,True,False,False,False,True,False,False,False,False,False,True,False,False,False,True,False,False,False,False,False,False,False
Camry,2021,4364980.125,50510,1000,Red,18,3,High Tax Era,High,0,15.28912442307696,New (0-3yr),16836.666666666668,Medium,0,0,Small,3,3,2,2,False,False,False,False,False,False,False,False,True,False,True,False,False,False,False,True,False,False,False,False,True,False,True,False,False,False,False,False,False,False,False,False
Camry,2013,1475115.0,196360,1300,White,9,11,Low Tax Era,High,0,14.204247188731571,Old (8-12yr),17850.909090909092,Very High,0,0,Small,3,1,4,2,False,False,False,False,False,False,False,False,True,False,True,False,False,False,False,True,False,False,True,True,True,False,True,False,False,False,False,False,False,False,False,False
Vezel,2020,4080879.0,30976,1500,Black,21,4,High Tax Era,High,1,15.221823209397915,Mid (4-7yr),7744.0,Low,0,1,Small,3,3,1,2,False,False,False,False,False,False,False,False,True,False,True,False,False,False,True,False,False,False,False,False,True,False,False,False,True,False,False,False,False,False,False,False
Camry,2018,3045444.0,40386,0,Black,24,6,Medium Tax Era,Very High,0,14.929157589663655,Mid (4-7yr),6731.0,Low,0,0,Micro,4,2,1,1,False,False,False,False,False,False,False,False,True,True,False,False,False,False,False,True,False,False,True,True,True,False,False,False,False,True,False,False,False,False,False,False
Cerato,2021,2720520.0,52937,1000,Black,5,3,High Tax Era,Medium,0,14.816333964047594,New (0-3yr),17645.666666666668,Medium,0,0,Small,2,3,2,2,False,False,False,True,False,False,False,False,False,False,False,True,False,False,False,False,True,False,False,False,True,False,True,False,False,False,False,False,False,False,False,False
Aqua,2008,635010.0,83692,2000,Brown,10,16,Low Tax Era,Low,1,13.361397600559435,Vintage (13+yr),5230.75,Medium,0,1,Medium,1,1,2,3,False,False,False,False,False,False,False,False,True,False,False,True,False,True,False,False,False,False,False,True,True,False,False,False,False,False,False,False,True,False,False,False
City,2011,730660.0,166120,1800,White,5,13,Low Tax Era,Low,0,13.501704882877407,Vintage (13+yr),12778.461538461539,Very High,0,0,Medium,1,1,4,3,False,True,False,False,False,False,False,False,False,False,False,True,True,False,False,False,False,True,True,True,True,False,False,False,False,False,False,True,False,False,False,False
Camry,2014,1353907.0,140067,1300,Grey,19,10,Low Tax Era,Medium,0,14.118505783321643,Old (8-12yr),14006.7,High,0,0,Small,2,1,3,2,False,False,False,False,False,False,False,False,True,False,False,False,False,False,False,True,False,False,False,True,True,False,False,False,False,False,False,False,False,False,False,True
Corolla,2010,777823.0,186998,2000,White,24,14,Low Tax Era,Low,0,13.56425555648899,Vintage (13+yr),13357.0,Very High,0,0,Medium,1,1,4,3,False,False,False,False,False,False,False,False,True,False,False,True,False,False,False,True,False,False,False,True,True,False,False,False,True,False,False,False,False,False,False,False
Celerio,2011,567961.0,130138,1000,Silver,12,13,Low Tax Era,Medium,0,13.249809794056839,Vintage (13+yr),10010.615384615385,High,0,0,Small,2,1,3,2,False,False,False,False,False,False,False,True,False,False,False,True,False,False,False,False,False,True,False,False,True,False,False,False,True,False,False,False,False,False,False,False
Caravan,2009,555516.0,228269,1800,Green,20,15,Low Tax Era,Low,0,13.227654490653864,Vintage (13+yr),15217.933333333332,Very High,0,0,Medium,1,1,4,3,False,False,False,False,False,False,True,False,False,False,False,True,False,False,False,False,True,False,True,True,True,False,True,False,False,False,False,False,False,False,False,False
Leaf,2021,2835111.0,25908,1300,White,9,3,High Tax Era,High,0,14.857592000536481,New (0-3yr),8636.0,Low,0,0,Small,3,3,1,2,False,False,False,False,False,False,True,False,False,False,True,False,False,True,False,False,False,False,False,True,True,False,False,False,False,False,False,False,True,False,False,False
Vezel,2021,4364980.125,32375,0,White,15,3,High Tax Era,Very High,1,15.28912442307696,New (0-3yr),10791.666666666666,Low,0,1,Micro,4,3,1,1,False,False,False,False,False,False,False,False,True,True,False,False,False,False,True,False,False,False,False,False,True,False,False,False,True,False,False,False,False,False,False,False
Axela,2020,3375952.0,17637,1500,Black,14,4,High Tax Era,High,0,15.032188212800127,Mid (4-7yr),4409.25,Low,0,0,Small,3,3,1,2,False,False,False,False,True,False,False,False,False,False,True,False,False,False,True,False,False,False,False,True,True,False,False,False,False,False,True,False,False,False,False,False
Aqua,2013,1355188.0,91341,1300,Blue,20,11,Low Tax Era,Medium,1,14.119451485963868,Old (8-12yr),8303.727272727272,Medium,0,0,Small,2,1,2,2,False,False,False,False,False,False,False,False,True,False,False,True,False,True,False,False,False,False,True,False,True,False,True,False,False,False,False,False,False,False,False,False
Alto,2013,588650.0,188750,800,White,16,11,Low Tax Era,Medium,1,13.285588757307245,Old (8-12yr),17159.090909090908,Very High,0,1,Small,2,1,4,2,False,False,False,False,False,False,False,True,False,False,False,True,True,True,False,False,False,False,False,True,True,False,False,False,False,False,False,False,False,False,True,False
Spacia,2016,1161849.0,58366,1300,Gold,24,8,Medium Tax Era,Medium,0,13.965524120281758,Old (8-12yr),7295.75,Medium,0,0,Small,2,2,2,2,False,False,False,False,False,False,False,True,False,False,False,True,False,False,False,True,False,False,False,False,True,False,False,False,False,False,True,False,False,False,False,False
Corolla,2009,681248.0,245278,1300,Silver,13,15,Low Tax Era,Medium,0,13.431683157068605,Vintage (13+yr),16351.866666666667,Very High,0,0,Small,2,1,4,2,False,False,False,False,False,False,False,False,True,False,False,False,True,False,False,True,False,False,False,True,True,True,False,False,False,False,False,False,False,False,False,False
CX-5,2017,1671422.0,94235,1500,Silver,9,7,Medium Tax Era,Low,0,14.329185917373783,Mid (4-7yr),13462.142857142857,Medium,0,0,Small,1,2,2,2,False,False,False,False,True,False,False,False,False,False,False,True,False,False,True,False,False,False,False,True,True,False,False,False,True,False,False,False,False,False,False,False
X-Trail,2008,500000.0,203482,1800,Silver,17,16,Low Tax Era,Low,0,13.122365377402328,Vintage (13+yr),12717.625,Very High,0,0,Medium,1,1,4,3,False,False,False,False,False,False,True,False,False,False,False,True,False,False,True,False,False,False,True,False,True,False,True,False,False,False,False,False,False,False,False,False
Every,2015,1100091.0,48573,1300,White,17,9,Low Tax Era,Medium,0,13.91090437063491,Old (8-12yr),5397.0,Low,0,0,Small,2,1,1,2,False,False,False,False,False,False,False,True,False,False,False,False,False,False,False,False,True,False,True,False,True,False,False,False,False,False,False,True,False,False,False,False
CH-R,2016,1873560.0,99145,2000,Black,15,8,Medium Tax Era,Low,0,14.443351456066672,Old (8-12yr),12393.125,Medium,0,0,Medium,1,2,2,3,False,False,False,False,False,False,False,False,True,False,False,True,False,False,True,False,False,False,True,True,True,False,True,False,False,False,False,False,False,False,False,False
Freed,2013,1041652.0,211583,2000,White,10,11,Low Tax Era,Low,0,13.856319432398461,Old (8-12yr),19234.81818181818,Very High,0,0,Medium,1,1,4,3,False,True,False,False,False,False,False,False,False,False,False,False,False,False,False,False,True,False,True,True,True,True,False,False,False,False,False,False,False,False,False,False
Tiida,2017,1891491.0,116614,0,White,21,7,Medium Tax Era,Very High,0,14.45287649359875,Mid (4-7yr),16659.14285714286,High,0,0,Micro,4,2,3,1,False,False,False,False,False,False,True,False,False,True,False,False,False,False,False,True,False,False,True,True,True,False,False,False,False,False,False,False,False,False,False,False
Allion,2020,3230022.0,36658,2000,White,17,4,High Tax Era,Low,0,14.98799981591652,Mid (4-7yr),9164.5,Low,0,0,Medium,1,3,1,3,False,False,False,False,False,False,False,False,True,False,False,False,False,False,False,True,False,False,True,True,True,False,False,True,False,False,False,False,False,False,False,False
Axio,2019,2781869.0,87345,1800,White,24,5,Medium Tax Era,Low,1,14.83863392140173,Mid (4-7yr),17469.0,Medium,0,1,Medium,1,2,2,3,False,False,False,False,False,False,False,False,True,False,False,True,False,False,False,True,False,False,False,True,True,False,False,False,False,False,False,False,True,False,False,False
Spacia,2013,777665.0,110932,1300,Silver,5,11,Low Tax Era,High,0,13.564052405069766,Old (8-12yr),10084.727272727272,High,0,0,Small,3,1,3,2,False,False,False,False,False,False,False,True,False,False,True,False,False,False,False,False,False,True,True,True,True,False,False,False,False,False,False,True,False,False,False,False
Allion,2017,1929069.0,61695,1000,White,9,7,Medium Tax Era,Medium,0,14.472548579461709,Mid (4-7yr),8813.57142857143,Medium,0,0,Small,2,2,2,2,False,False,False,False,False,False,False,False,True,False,False,True,False,False,False,True,False,False,True,True,True,False,False,False,False,False,False,False,False,False,True,False
i10,2019,1844973.0,58318,1300,Gold,6,5,Medium Tax Era,Medium,0,14.427975743216548,Mid (4-7yr),11663.6,Medium,0,0,Small,2,2,2,2,False,False,True,False,False,False,False,False,False,False,False,True,False,False,False,True,False,False,True,True,True,False,True,False,False,False,False,False,False,False,False,False
Aqua,2020,3699211.0,42426,1800,White,22,4,High Tax Era,Low,1,15.123630381959515,Mid (4-7yr),10606.5,Low,0,1,Medium,1,3,1,3,False,False,False,False,False,False,False,False,True,False,False,True,False,True,False,False,False,False,False,False,True,False,True,False,False,False,False,False,False,False,False,False
Alto,2020,1662552.0,56291,1000,White,9,4,High Tax Era,Medium,1,14.323864930703248,Mid (4-7yr),14072.75,Medium,0,1,Small,2,3,2,2,False,False,False,False,False,False,False,True,False,False,False,False,True,True,False,False,False,False,False,True,True,False,False,False,False,False,True,False,False,False,False,False
Axio,2018,2629767.0,93243,1300,Black,19,6,Medium Tax Era,Medium,1,14.782406187335202,Mid (4-7yr),15540.5,Medium,0,1,Small,2,2,2,2,False,False,False,False,False,False,False,False,True,False,False,True,False,False,False,True,False,False,False,False,True,False,False,False,False,False,False,True,False,False,False,False
Aqua,2014,1435087.0,232601,1300,Black,18,10,Low Tax Era,Medium,1,14.176736729337428,Old (8-12yr),23260.1,Very High,0,1,Small,2,1,4,2,False,False,False,False,False,False,False,False,True,False,False,True,False,True,False,False,False,False,False,False,True,False,False,False,False,False,False,True,False,False,False,False
March,2012,721643.0,149377,800,White,8,12,Low Tax Era,Medium,0,13.48928722148137,Old (8-12yr),12448.083333333334,High,0,0,Small,2,1,3,2,False,False,False,False,False,False,True,False,False,False,False,False,False,True,False,False,False,False,False,True,True,False,False,False,True,False,False,False,False,False,False,False
E200,2008,1221071.0,104009,3000,White,12,16,Low Tax Era,Low,0,14.015239719413263,Vintage (13+yr),6500.5625,High,16,0,Large,1,1,3,4,True,False,False,False,False,False,False,False,False,False,False,True,False,True,False,False,False,False,False,True,False,False,False,False,True,False,False,False,False,False,False,False
Hustler,2020,1626760.0,53585,1000,Blue,5,4,High Tax Era,Medium,0,14.302101479283039,Mid (4-7yr),13396.25,Medium,0,0,Small,2,3,2,2,False,False,False,False,False,False,False,True,False,False,False,True,False,False,False,False,True,False,True,True,True,False,False,False,False,False,False,False,False,True,False,False
CH-R,2017,2236808.0,68514,2000,Blue,12,7,Medium Tax Era,High,0,14.620560854618684,Mid (4-7yr),9787.714285714286,Medium,0,0,Medium,3,2,2,3,False,False,False,False,False,False,False,False,True,False,True,False,False,False,True,False,False,False,True,True,True,False,False,False,False,False,True,False,False,False,False,False
Civic,2015,1272227.0,62205,2000,Black,6,9,Low Tax Era,Low,0,14.056280252102708,Old (8-12yr),6911.666666666667,Medium,0,0,Medium,1,1,2,3,False,True,False,False,False,False,False,False,False,False,False,True,False,False,False,True,False,False,True,True,True,False,False,False,False,False,False,False,False,True,False,False
Picanto,2011,678238.0,210436,1500,Blue,14,13,Low Tax Era,Low,0,13.427255012181037,Vintage (13+yr),16187.384615384615,Very High,0,0,Small,1,1,4,2,False,False,False,True,False,False,False,False,False,False,False,True,False,False,False,False,False,True,True,True,True,False,False,False,False,False,False,False,False,False,False,True
Premio,2015,1490341.0,100301,1800,White,13,9,Low Tax Era,Low,0,14.214516181784958,Old (8-12yr),11144.555555555555,High,0,0,Medium,1,1,3,3,False,False,False,False,False,False,False,False,True,False,False,True,False,False,False,True,False,False,False,True,True,False,False,False,False,True,False,False,False,False,False,False
Accent,2011,560671.0,217014,1500,Black,14,13,Low Tax Era,Low,0,13.236891343286814,Vintage (13+yr),16693.384615384617,Very High,0,0,Small,1,1,4,2,False,False,True,False,False,False,False,False,False,False,False,True,True,True,False,False,False,False,False,False,True,False,True,False,False,False,False,False,False,False,False,False
City,2019,2876269.0,96332,1800,Silver,14,5,Medium Tax Era,High,0,14.872004873806016,Mid (4-7yr),19266.4,Medium,0,0,Medium,3,2,2,3,False,True,False,False,False,False,False,False,False,False,True,False,False,False,False,False,False,False,True,False,True,False,False,True,False,False,False,False,False,False,False,False
Tucson,2021,3129505.0,39726,0,Black,22,3,High Tax Era,Very High,0,14.956385722584232,New (0-3yr),13242.0,Low,0,0,Micro,4,3,1,1,False,False,True,False,False,False,False,False,False,True,False,False,False,False,True,False,False,False,True,False,True,False,False,False,True,False,False,False,False,False,False,False
C180,2023,4364980.125,14183,2400,Silver,6,1,High Tax Era,High,0,15.28912442307696,New (0-3yr),14183.0,Low,1,0,Large,3,3,1,4,True,False,False,False,False,False,False,False,False,False,True,False,False,False,False,False,False,False,True,True,False,False,False,False,False,False,False,True,False,False,False,False
Every,2019,1851457.0,103867,2000,White,20,5,Medium Tax Era,Low,0,14.431483994768493,Mid (4-7yr),20773.4,High,0,0,Medium,1,2,3,3,False,False,False,False,False,False,False,True,False,False,False,False,False,False,False,False,True,False,False,False,True,False,False,False,False,True,False,False,False,False,False,False
March,2019,2182788.0,100135,660,Red,23,5,Medium Tax Era,Medium,0,14.596113974882579,Mid (4-7yr),20027.0,High,0,0,Micro,2,2,3,1,False,False,False,False,False,False,True,False,False,False,False,True,False,True,False,False,False,False,True,True,True,False,True,False,False,False,False,False,False,False,False,False
Sorento,2017,1580949.0,114967,1300,Black,23,7,Medium Tax Era,Medium,0,14.273536490138063,Mid (4-7yr),16423.85714285714,High,0,0,Small,2,2,3,2,False,False,False,True,False,False,False,False,False,False,False,False,False,True,False,False,False,False,True,True,True,False,False,False,False,False,False,True,False,False,False,False
Axela,2019,2710779.0,95919,1300,White,10,5,Medium Tax Era,High,0,14.812746974321055,Mid (4-7yr),19183.8,Medium,0,0,Small,3,2,2,2,False,False,False,False,True,False,False,False,False,False,True,False,False,False,False,False,False,True,True,True,True,False,False,False,True,False,False,False,False,False,False,False
Axio,2017,1761152.0,66038,1300,White,7,7,Medium Tax Era,Medium,1,14.381479266157433,Mid (4-7yr),9434.0,Medium,0,0,Small,2,2,2,2,False,False,False,False,False,False,False,False,True,False,False,True,False,False,False,True,False,False,True,True,True,False,False,False,False,False,False,False,False,False,True,False
Creta,2018,1830978.0,113229,1300,White,8,6,Medium Tax Era,High,0,14.420361354448332,Mid (4-7yr),18871.5,High,0,0,Small,3,2,3,2,False,False,True,False,False,False,False,False,False,False,True,False,False,False,False,False,False,True,True,True,True,False,False,False,False,False,False,False,False,False,True,False
Every,2020,2248982.0,51679,1800,White,20,4,High Tax Era,High,0,14.62598867199781,Mid (4-7yr),12919.75,Medium,0,0,Medium,3,3,2,3,False,False,False,False,False,False,False,True,False,False,True,False,False,False,False,False,True,False,True,False,True,False,True,False,False,False,False,False,False,False,False,False
Prius,2018,2133309.0,84104,1500,White,7,6,Medium Tax Era,Low,1,14.573185322101976,Mid (4-7yr),14017.333333333334,Medium,0,0,Small,1,2,2,2,False,False,False,False,False,False,False,False,True,False,False,False,False,False,False,False,False,False,True,True,True,False,False,False,False,False,False,False,False,False,False,False
Creta,2009,546241.0,152561,1000,White,22,15,Low Tax Era,Medium,0,13.210817379975769,Vintage (13+yr),10170.733333333334,Very High,0,0,Small,2,1,4,2,False,False,True,False,False,False,False,False,False,False,False,True,False,False,False,True,False,False,True,True,True,False,True,False,False,False,False,False,False,False,False,False
Prius,2014,1446064.0,165455,1000,Black,21,10,Low Tax Era,High,1,14.18435663228115,Old (8-12yr),16545.5,Very High,0,0,Small,3,1,4,2,False,False,False,False,False,False,False,False,True,False,True,False,True,False,False,False,False,False,True,False,True,False,False,False,False,False,False,False,True,False,False,False
Lancer,2020,2731035.0,49889,1800,Silver,19,4,High Tax Era,Low,0,14.820191582353582,Mid (4-7yr),12472.25,Low,0,0,Medium,1,3,1,3,False,False,False,False,False,True,False,False,False,False,False,True,False,False,False,True,False,False,True,True,True,False,False,False,False,False,False,False,False,True,False,False
Tiida,2017,1738519.0,50832,0,Red,17,7,Medium Tax Era,Very High,0,14.368544734534142,Mid (4-7yr),7261.714285714285,Medium,0,0,Micro,4,2,2,1,False,False,False,False,False,False,True,False,False,True,False,False,False,False,False,False,True,False,False,False,True,True,False,False,False,False,False,False,False,False,False,False
Allion,2020,3077362.0,30154,2000,White,18,4,High Tax Era,Low,0,14.939583619396723,Mid (4-7yr),7538.5,Low,0,0,Medium,1,3,1,3,False,False,False,False,False,False,False,False,True,False,False,True,False,False,False,True,False,False,True,False,True,False,True,False,False,False,False,False,False,False,False,False
Axio,2016,1774840.0,73368,1000,White,16,8,Medium Tax Era,Medium,1,14.389221399414565,Old (8-12yr),9171.0,Medium,0,1,Small,2,2,2,2,False,False,False,False,False,False,False,False,True,False,False,True,True,False,False,True,False,False,False,False,True,False,False,False,True,False,False,False,False,False,False,False
Camry,2014,1380154.0,97167,1800,Brown,15,10,Low Tax Era,Low,0,14.13770636966668,Old (8-12yr),9716.7,Medium,0,0,Medium,1,1,2,3,False,False,False,False,False,False,False,False,True,False,False,True,True,False,False,True,False,False,True,True,True,False,False,False,True,False,False,False,False,False,False,False
Vezel,2016,1672165.0,84361,1300,White,6,8,Medium Tax Era,Medium,1,14.329630349995274,Old (8-12yr),10545.125,Medium,0,0,Small,2,2,2,2,False,True,False,False,False,False,False,False,False,False,False,False,False,False,True,False,False,False,True,True,True,False,False,False,False,False,False,False,True,False,False,False
Prius,2015,2231936.0,96416,2000,Red,24,9,Low Tax Era,High,1,14.618380376278532,Old (8-12yr),10712.888888888889,Medium,0,1,Medium,3,1,2,3,False,False,False,False,False,False,False,False,True,False,True,False,False,False,False,False,False,True,False,False,True,False,True,False,False,False,False,False,False,False,False,False
City,2012,1267456.0,146846,1500,Brown,23,12,Low Tax Era,High,0,14.052523088822698,Old (8-12yr),12237.166666666666,High,0,0,Small,3,1,3,2,False,True,False,False,False,False,False,False,False,False,True,False,False,True,False,False,False,False,True,False,True,False,False,False,False,False,False,True,False,False,False,False
Insight,2020,3115165.0,58773,1000,White,19,4,High Tax Era,High,0,14.951792999313495,Mid (4-7yr),14693.25,Medium,0,0,Small,3,3,2,2,False,True,False,False,False,False,False,False,False,False,True,False,False,False,False,True,False,False,True,True,True,True,False,False,False,False,False,False,False,False,False,False
Aqua,2016,1751724.0,108340,1000,Gold,8,8,Medium Tax Era,Medium,1,14.3761115746881,Old (8-12yr),13542.5,High,0,1,Small,2,2,3,2,False,False,False,False,False,False,False,False,True,False,False,True,False,True,False,False,False,False,False,True,True,False,False,False,True,False,False,False,False,False,False,False
Axio,2017,2442586.0,114319,1500,White,18,7,Medium Tax Era,High,1,14.708568281507304,Mid (4-7yr),16331.285714285714,High,0,0,Small,3,2,3,2,False,False,False,False,False,False,False,False,True,False,True,False,False,False,False,True,False,False,True,True,True,False,True,False,False,False,False,False,False,False,False,False
Camry,2012,1082042.0,210223,2000,Silver,16,12,Low Tax Era,Low,0,13.894361478818865,Old (8-12yr),17518.583333333332,Very High,0,0,Medium,1,1,4,3,False,False,False,False,False,False,False,False,True,False,False,True,False,False,False,True,False,False,True,False,True,False,False,False,False,False,False,False,False,False,True,False
Accord,2013,1323801.0,86472,1500,Black,8,11,Low Tax Era,High,0,14.096018457468054,Old (8-12yr),7861.090909090909,Medium,0,0,Small,3,1,2,2,False,True,False,False,False,False,False,False,False,False,True,False,False,False,True,False,False,False,True,True,True,False,False,False,False,True,False,False,False,False,False,False
Vezel,2015,2100482.0,68887,2000,White,11,9,Low Tax Era,High,1,14.557677876247707,Old (8-12yr),7654.111111111111,Medium,0,1,Medium,3,1,2,3,False,False,False,False,False,False,False,False,True,False,True,False,False,False,True,False,False,False,False,True,True,False,True,False,False,False,False,False,False,False,False,False
Hustler,2013,850521.0,123724,1800,Brown,17,11,Low Tax Era,High,0,13.653605557620484,Old (8-12yr),11247.636363636364,High,0,0,Medium,3,1,3,3,False,False,False,False,False,False,False,True,False,False,True,False,False,False,False,False,True,False,True,False,True,False,False,False,False,False,False,True,False,False,False,False
CH-R,2013,1094937.0,242325,1300,Red,11,11,Low Tax Era,Medium,0,13.906208298625142,Old (8-12yr),22029.545454545456,Very High,0,0,Small,2,1,4,2,False,False,False,False,False,False,False,False,True,False,False,True,False,False,True,False,False,False,True,False,True,True,False,False,False,False,False,False,False,False,False,False
March,2013,1026861.0,177031,1000,Brown,7,11,Low Tax Era,High,0,13.842018107924819,Old (8-12yr),16093.727272727272,Very High,0,0,Small,3,1,4,2,False,False,False,False,False,False,True,False,False,False,True,False,False,True,False,False,False,False,False,True,True,True,False,False,False,False,False,False,False,False,False,False
Accent,2019,2011776.0,72780,1500,Red,17,5,Medium Tax Era,Low,0,14.514528969069056,Mid (4-7yr),14556.0,Medium,0,0,Small,1,2,2,2,False,False,True,False,False,False,False,False,False,False,False,False,False,False,False,False,False,False,True,False,True,False,False,False,False,False,False,False,True,False,False,False
GLC,2010,1263658.0,218518,2400,White,16,14,Low Tax Era,Low,0,14.049522038811167,Vintage (13+yr),15608.42857142857,Very High,14,0,Large,1,1,4,4,True,False,False,False,False,False,False,False,False,False,False,False,True,False,False,False,True,False,True,True,False,False,False,False,False,False,False,True,False,False,False,False
Sportage,2011,641417.0,148531,2000,White,8,13,Low Tax Era,Low,0,13.371436629458268,Vintage (13+yr),11425.461538461539,High,0,0,Medium,1,1,3,3,False,False,False,True,False,False,False,False,False,False,False,True,False,False,False,False,True,False,True,True,True,False,False,False,False,False,False,False,False,False,True,False
Vezel,2018,1973833.0,61966,1000,Grey,11,6,Medium Tax Era,Medium,1,14.495488402227778,Mid (4-7yr),10327.666666666666,Medium,0,0,Small,2,2,2,2,False,True,False,False,False,False,False,False,False,False,False,False,False,False,True,False,False,False,True,True,True,False,False,False,True,False,False,False,False,False,False,False
Camry,2016,2146145.0,76476,1500,White,18,8,Medium Tax Era,Low,0,14.579184233409396,Old (8-12yr),9559.5,Medium,0,0,Small,1,2,2,2,False,False,False,False,False,False,False,False,True,False,False,False,False,False,False,True,False,False,False,True,True,False,False,False,False,False,False,False,False,False,True,False
Civic,2020,2957053.0,48853,0,Blue,10,4,High Tax Era,Very High,0,14.899704060419646,Mid (4-7yr),12213.25,Low,0,0,Micro,4,3,1,1,False,True,False,False,False,False,False,False,False,True,False,False,True,False,False,True,False,False,False,True,True,True,False,False,False,False,False,False,False,False,False,False
Allion,2011,1090420.0,125452,1300,White,20,13,Low Tax Era,Medium,0,13.902074418166535,Vintage (13+yr),9650.153846153846,High,0,0,Small,2,1,3,2,False,False,False,False,False,False,False,False,True,False,False,False,False,False,False,True,False,False,False,True,True,False,False,True,False,False,False,False,False,False,False,False
Every,2011,500246.0,204269,1500,Blue,12,13,Low Tax Era,Low,0,13.1228572554265,Vintage (13+yr),15713.0,Very High,0,0,Small,1,1,4,2,False,False,False,False,False,False,False,True,False,False,False,False,False,False,False,False,True,False,True,False,True,False,False,False,False,True,False,False,False,False,False,False
Vezel,2018,1944352.0,106863,1500,White,6,6,Medium Tax Era,Low,1,14.480439831880217,Mid (4-7yr),17810.5,High,0,1,Small,1,2,3,2,False,False,False,False,False,False,False,False,True,False,False,True,False,False,True,False,False,False,False,True,True,False,False,False,False,True,False,False,False,False,False,False
CH-R,2017,2422466.0,107770,1800,White,6,7,Medium Tax Era,High,0,14.700297000363252,Mid (4-7yr),15395.714285714286,High,0,0,Medium,3,2,3,3,False,False,False,False,False,False,False,False,True,False,True,False,False,False,True,False,False,False,True,False,True,False,False,False,True,False,False,False,False,False,False,False
Swift,2012,727765.0,117739,1800,White,24,12,Low Tax Era,Low,1,13.497734846938158,Old (8-12yr),9811.583333333334,High,0,0,Medium,1,1,3,3,False,False,False,False,False,False,False,True,False,False,False,False,False,True,False,False,False,False,True,True,True,False,False,False,True,False,False,False,False,False,False,False
Every,2017,1136777.0,105282,1800,Red,20,7,Medium Tax Era,Low,0,13.943708503009152,Mid (4-7yr),15040.285714285714,High,0,0,Medium,1,2,3,3,False,False,False,False,False,False,False,True,False,False,False,True,False,False,False,False,True,False,True,False,True,False,False,False,False,False,False,False,False,False,True,False
530i,2017,3679913.0,116955,3500,Black,6,7,Medium Tax Era,High,0,15.118399940306825,Mid (4-7yr),16707.85714285714,High,7,0,Large,3,2,3,4,False,False,False,False,False,False,False,False,False,False,True,False,False,False,False,True,False,False,False,False,False,False,False,True,False,False,False,False,False,False,False,False
Mirage,2021,3525511.0,34861,1000,White,18,3,High Tax Era,High,0,15.075536231907954,New (0-3yr),11620.333333333334,Low,0,0,Small,3,3,1,2,False,False,False,False,False,True,False,False,False,False,True,False,False,False,False,True,False,False,True,False,True,False,True,False,False,False,False,False,False,False,False,False
Juke,2019,1967951.0,43051,1800,Black,5,5,Medium Tax Era,Low,0,14.492503966052986,Mid (4-7yr),8610.2,Low,0,0,Medium,1,2,1,3,False,False,False,False,False,False,True,False,False,False,False,False,False,True,False,False,False,False,True,True,True,False,False,False,False,False,False,True,False,False,False,False
Vitz,2017,2647449.0,90155,1300,Red,18,7,Medium Tax Era,High,0,14.789107470538095,Mid (4-7yr),12879.285714285714,Medium,0,0,Small,3,2,2,2,False,False,False,False,False,False,False,False,True,False,True,False,False,True,False,False,False,False,True,True,True,False,False,False,False,False,False,False,True,False,False,False
Allion,2023,4364980.125,9462,1300,Black,18,1,High Tax Era,High,0,15.28912442307696,New (0-3yr),9462.0,Low,0,0,Small,3,3,1,2,False,False,False,False,False,False,False,False,True,False,True,False,False,False,False,True,False,False,True,False,True,False,False,False,False,False,False,False,False,False,False,False
Alto,2008,500000.0,167829,800,Silver,7,16,Low Tax Era,Medium,1,13.122365377402328,Vintage (13+yr),10489.3125,Very High,0,0,Small,2,1,4,2,False,False,False,False,False,False,False,True,False,False,False,False,True,True,False,False,False,False,True,True,True,False,True,False,False,False,False,False,False,False,False,False
Axela,2022,3781869.0,51734,1000,Black,17,2,High Tax Era,Medium,0,15.145729154262328,New (0-3yr),25867.0,Medium,0,0,Small,2,3,2,2,False,False,False,False,True,False,False,False,False,False,False,False,False,False,True,False,False,False,False,False,True,False,False,False,False,False,False,False,False,False,True,False
City,2017,1658636.0,79857,1800,Red,10,7,Medium Tax Era,Low,0,14.321506738720998,Mid (4-7yr),11408.142857142857,Medium,0,0,Medium,1,2,2,3,False,True,False,False,False,False,False,False,False,False,False,True,False,False,True,False,False,False,True,True,True,False,False,False,False,False,False,True,False,False,False,False
CH-R,2019,2331058.0,117714,1000,White,5,5,Medium Tax Era,Medium,0,14.661833228722887,Mid (4-7yr),23542.8,High,0,0,Small,2,2,3,2,False,False,False,False,False,False,False,False,True,False,False,False,False,False,True,False,False,False,False,True,True,False,False,False,False,False,False,False,True,False,False,False
Celerio,2020,2210353.0,38843,1300,Red,22,4,High Tax Era,High,0,14.608663241661805,Mid (4-7yr),9710.75,Low,0,0,Small,3,3,1,2,False,False,False,False,False,False,False,True,False,False,True,False,False,False,False,True,False,False,False,False,True,False,False,False,False,False,False,False,False,False,False,True
Swift,2015,1245027.0,111469,2000,Brown,15,9,Low Tax Era,High,1,14.034668577587889,Old (8-12yr),12385.444444444445,High,0,0,Medium,3,1,3,3,False,False,False,False,False,False,False,True,False,False,True,False,False,True,False,False,False,False,True,True,True,True,False,False,False,False,False,False,False,False,False,False
Accord,2019,2632670.0,79491,1000,Blue,6,5,Medium Tax Era,Medium,0,14.783509478145593,Mid (4-7yr),15898.2,Medium,0,0,Small,2,2,2,2,False,True,False,False,False,False,False,False,False,False,False,False,False,False,True,False,False,False,False,True,True,False,True,False,False,False,False,False,False,False,False,False
Grace,2016,1499839.0,100985,2000,Red,10,8,Medium Tax Era,Low,0,14.22086899371648,Old (8-12yr),12623.125,High,0,0,Medium,1,2,3,3,False,True,False,False,False,False,False,False,False,False,False,True,False,False,False,True,False,False,True,False,True,False,False,False,False,False,True,False,False,False,False,False
Celerio,2010,500000.0,236405,1300,Gold,18,14,Low Tax Era,Medium,0,13.122365377402328,Vintage (13+yr),16886.071428571428,Very High,0,0,Small,2,1,4,2,False,False,False,False,False,False,False,True,False,False,False,True,False,True,False,False,False,False,False,True,True,False,False,False,False,False,False,False,True,False,False,False
Vitz,2019,2332675.0,113509,1000,Silver,5,5,Medium Tax Era,Medium,0,14.66252666437684,Mid (4-7yr),22701.8,High,0,0,Small,2,2,3,2,False,False,False,False,False,False,False,False,True,False,False,False,False,True,False,False,False,False,False,True,True,False,False,False,False,False,False,False,False,False,True,False
Vitz,2017,2132324.0,62820,2000,Brown,10,7,Medium Tax Era,Low,0,14.572723491674616,Mid (4-7yr),8974.285714285714,Medium,0,0,Medium,1,2,2,3,False,False,False,False,False,False,False,False,True,False,False,True,False,True,False,False,False,False,True,True,True,False,False,False,False,False,False,False,False,True,False,False
Civic,2020,3560654.0,45535,2000,White,12,4,High Tax Era,High,0,15.0854550746684,Mid (4-7yr),11383.75,Low,0,0,Medium,3,3,1,3,False,True,False,False,False,False,False,False,False,False,True,False,False,False,False,True,False,False,False,False,True,False,False,False,True,False,False,False,False,False,False,False
Axela,2017,1840968.0,65906,1300,White,19,7,Medium Tax Era,Medium,0,14.425802621398809,Mid (4-7yr),9415.142857142857,Medium,0,0,Small,2,2,2,2,False,False,False,False,True,False,False,False,False,False,False,True,False,False,True,False,False,False,True,True,True,False,False,False,False,True,False,False,False,False,False,False
Spacia,2010,500000.0,245201,1000,Silver,23,14,Low Tax Era,Medium,0,13.122365377402328,Vintage (13+yr),17514.35714285714,Very High,0,0,Small,2,1,4,2,False,False,False,False,False,False,False,True,False,False,False,True,False,False,False,False,True,False,True,True,True,False,False,True,False,False,False,False,False,False,False,False
Allion,2019,3430311.0,62821,1800,Brown,8,5,Medium Tax Era,High,0,15.048161777104447,Mid (4-7yr),12564.2,Medium,0,0,Medium,3,2,2,3,False,False,False,False,False,False,False,False,True,False,True,False,False,False,False,True,False,False,True,False,True,False,True,False,False,False,False,False,False,False,False,False
Wagon R,2011,524518.0,115200,1000,Red,20,13,Low Tax Era,Medium,1,13.170236931138549,Vintage (13+yr),8861.538461538461,High,0,1,Small,2,1,3,2,False,False,False,False,False,False,False,True,False,False,False,True,True,True,False,False,False,False,False,True,True,False,False,False,False,False,False,False,False,False,False,True
Civic,2016,1900390.0,55064,0,Black,5,8,Medium Tax Era,Very High,0,14.457570212438604,Old (8-12yr),6883.0,Medium,0,0,Micro,4,2,2,1,False,True,False,False,False,False,False,False,False,True,False,False,False,False,False,True,False,False,False,False,True,False,True,False,False,False,False,False,False,False,False,False
Outlander,2011,702021.0,179925,1800,Blue,13,13,Low Tax Era,Low,0,13.46172002154823,Vintage (13+yr),13840.384615384615,Very High,0,0,Medium,1,1,4,3,False,False,False,False,False,True,False,False,False,False,False,True,True,False,True,False,False,False,True,False,True,False,True,False,False,False,False,False,False,False,False,False
Swift,2013,739365.0,99874,1800,White,7,11,Low Tax Era,Low,1,13.513548341197762,Old (8-12yr),9079.454545454546,Medium,0,1,Medium,1,1,2,3,False,False,False,False,False,False,False,True,False,False,False,True,False,True,False,False,False,False,False,True,True,False,False,False,False,False,False,False,False,False,False,True
Every,2022,2188769.0,27777,1000,White,20,2,High Tax Era,Medium,0,14.598850300176087,New (0-3yr),13888.5,Low,0,0,Small,2,3,1,2,False,False,False,False,False,False,False,True,False,False,False,True,True,False,False,False,True,False,True,False,True,False,False,False,False,False,False,True,False,False,False,False
Vitz,2021,4364980.125,31225,1800,Grey,18,3,High Tax Era,High,0,15.28912442307696,New (0-3yr),10408.333333333334,Low,0,0,Medium,3,3,1,3,False,False,False,False,False,False,False,False,True,False,True,False,False,True,False,False,False,False,False,False,True,False,True,False,False,False,False,False,False,False,False,False
City,2008,555092.0,94012,1300,Silver,12,16,Low Tax Era,Medium,0,13.226890946258262,Vintage (13+yr),5875.75,Medium,0,0,Small,2,1,2,2,False,True,False,False,False,False,False,False,False,False,False,True,True,False,False,True,False,False,False,True,True,False,False,False,False,False,False,False,False,False,False,False
Montero,2018,2087384.0,111388,1300,White,11,6,Medium Tax Era,High,0,14.55142264436929,Mid (4-7yr),18564.666666666668,High,0,0,Small,3,2,3,2,False,False,False,False,False,True,False,False,False,False,True,False,True,False,False,False,False,False,False,True,True,False,False,False,True,False,False,False,False,False,False,False
Corolla,2014,1486680.0,146770,0,White,16,10,Low Tax Era,Very High,0,14.212056676537266,Old (8-12yr),14677.0,High,0,0,Micro,4,1,3,1,False,False,False,False,False,False,False,False,True,True,False,False,True,False,False,True,False,False,True,True,True,False,False,False,False,False,False,False,True,False,False,False
Fit,2013,1111260.0,93368,1800,Black,15,11,Low Tax Era,Low,1,13.921005964523914,Old (8-12yr),8488.0,Medium,0,0,Medium,1,1,2,3,False,True,False,False,False,False,False,False,False,False,False,False,False,True,False,False,False,False,True,False,True,False,False,False,False,False,False,True,False,False,False,False
City,2010,609612.0,104315,1000,Black,8,14,Low Tax Era,Medium,0,13.320579608586506,Vintage (13+yr),7451.071428571428,High,0,0,Small,2,1,3,2,False,True,False,False,False,False,False,False,False,False,False,True,True,False,False,True,False,False,True,True,True,False,False,False,False,True,False,False,False,False,False,False
Sorento,2010,576316.0,195106,1300,Black,5,14,Low Tax Era,Medium,0,13.264413135514758,Vintage (13+yr),13936.142857142857,Very High,0,0,Small,2,1,4,2,False,False,False,True,False,False,False,False,False,False,False,True,False,True,False,False,False,False,True,False,True,False,False,False,True,False,False,False,False,False,False,False
Axela,2018,2104620.0,94698,1000,White,20,6,Medium Tax Era,Medium,0,14.559645961382182,Mid (4-7yr),15783.0,Medium,0,0,Small,2,2,2,2,False,False,False,False,True,False,False,False,False,False,False,True,False,False,False,False,False,True,True,True,True,False,False,False,False,False,False,False,False,False,True,False
Wagon R,2014,1133303.0,88177,0,Green,16,10,Low Tax Era,Very High,1,13.940647818230385,Old (8-12yr),8817.7,Medium,0,0,Micro,4,1,2,1,False,False,False,False,False,False,False,True,False,True,False,False,False,True,False,False,False,False,True,False,True,False,True,False,False,False,False,False,False,False,False,False
Prius,2012,1012534.0,221295,1000,White,10,12,Low Tax Era,Medium,1,13.82796764526661,Old (8-12yr),18441.25,Very High,0,0,Small,2,1,4,2,False,False,False,False,False,False,False,False,True,False,False,True,False,True,False,False,False,False,True,True,True,True,False,False,False,False,False,False,False,False,False,False
Wagon R,2016,1239491.0,85693,800,White,19,8,Medium Tax Era,High,1,14.030212176221145,Old (8-12yr),10711.625,Medium,0,0,Small,3,2,2,2,False,False,False,False,False,False,False,True,False,False,True,False,True,True,False,False,False,False,True,True,True,False,False,False,False,False,False,True,False,False,False,False
Prius,2014,1632280.0,207716,2000,Blue,9,10,Low Tax Era,High,1,14.305488981057227,Old (8-12yr),20771.6,Very High,0,0,Medium,3,1,4,3,False,False,False,False,False,False,False,False,True,False,True,False,False,False,False,True,False,False,True,False,True,False,True,False,False,False,False,False,False,False,False,False
Prius,2019,3825379.0,56277,1500,Grey,19,5,Medium Tax Era,High,1,15.157168366713474,Mid (4-7yr),11255.4,Medium,0,0,Small,3,2,2,2,False,False,False,False,False,False,False,False,True,False,True,False,False,False,False,False,True,False,True,False,True,False,True,False,False,False,False,False,False,False,False,False
ASX,2019,2315955.0,108038,1500,White,22,5,Medium Tax Era,Low,0,14.65533311922167,Mid (4-7yr),21607.6,High,0,0,Small,1,2,3,2,False,False,False,False,False,True,False,False,False,False,False,True,False,False,False,False,True,False,False,True,True,False,False,False,False,False,False,True,False,False,False,False
Wagon R,2013,691856.0,112398,1000,White,20,11,Low Tax Era,Medium,1,13.447134565846447,Old (8-12yr),10218.0,High,0,1,Small,2,1,3,2,False,False,False,False,False,False,False,True,False,False,False,True,False,True,False,False,False,False,False,True,True,False,False,False,False,True,False,False,False,False,False,False
Grace,2010,859958.0,132664,1800,Brown,24,14,Low Tax Era,Low,0,13.664639992674624,Vintage (13+yr),9476.0,High,0,0,Medium,1,1,3,3,False,True,False,False,False,False,False,False,False,False,False,True,False,False,False,True,False,False,False,False,True,False,True,False,False,False,False,False,False,False,False,False
Pajero,2018,2090097.0,64509,1300,White,23,6,Medium Tax Era,Medium,0,14.552721512793848,Mid (4-7yr),10751.5,Medium,0,0,Small,2,2,2,2,False,False,False,False,False,True,False,False,False,False,False,True,False,False,False,False,False,False,False,True,True,False,True,False,False,False,False,False,False,False,False,False
Every,2012,719704.0,110346,1300,White,18,12,Low Tax Era,Medium,0,13.486596684810932,Old (8-12yr),9195.5,High,0,0,Small,2,1,3,2,False,False,False,False,False,False,False,True,False,False,False,False,False,False,False,False,True,False,False,False,True,False,False,False,False,False,False,False,True,False,False,False
Celerio,2021,2006364.0,51523,1000,Black,8,3,High Tax Era,Medium,0,14.511835185089959,New (0-3yr),17174.333333333332,Medium,0,0,Small,2,3,2,2,False,False,False,False,False,False,False,True,False,False,False,True,False,False,False,False,True,False,False,False,True,False,False,False,True,False,False,False,False,False,False,False
City,2020,2910465.0,18283,2000,White,9,4,High Tax Era,Low,0,14.883823763784086,Mid (4-7yr),4570.75,Low,0,0,Medium,1,3,1,3,False,True,False,False,False,False,False,False,False,False,False,True,False,False,False,False,False,False,False,True,True,False,True,False,False,False,False,False,False,False,False,False
Civic,2018,2036198.0,74747,2000,Silver,15,6,Medium Tax Era,Low,0,14.52659539254422,Mid (4-7yr),12457.833333333334,Medium,0,0,Medium,1,2,2,3,False,True,False,False,False,False,False,False,False,False,False,True,False,False,False,True,False,False,False,False,True,False,False,False,True,False,False,False,False,False,False,False
X-Trail,2013,1045338.0,170036,1800,White,18,11,Low Tax Era,High,0,13.859851792688,Old (8-12yr),15457.818181818182,Very High,0,0,Medium,3,1,4,3,False,False,False,False,False,False,True,False,False,False,True,False,True,False,True,False,False,False,False,False,True,False,False,False,True,False,False,False,False,False,False,False
Lancer,2016,1756410.0,83048,1500,Red,24,8,Medium Tax Era,Low,0,14.378783080460382,Old (8-12yr),10381.0,Medium,0,0,Small,1,2,2,2,False,False,False,False,False,True,False,False,False,False,False,False,False,True,False,False,False,False,True,False,True,False,False,False,False,False,False,False,False,True,False,False
Premio,2013,1348735.0,155138,0,Black,22,11,Low Tax Era,Very High,0,14.114678415519144,Old (8-12yr),14103.454545454546,Very High,0,0,Micro,4,1,4,1,False,False,False,False,False,False,False,False,True,True,False,False,True,False,False,True,False,False,False,True,True,False,False,False,False,False,False,False,True,False,False,False
Accord,2019,3405634.0,98171,1500,Black,21,5,Medium Tax Era,High,0,15.04094197063378,Mid (4-7yr),19634.2,Medium,0,0,Small,3,2,2,2,False,True,False,False,False,False,False,False,False,False,True,False,False,False,False,False,False,False,True,True,True,False,True,False,False,False,False,False,False,False,False,False
CX-5,2012,857871.0,120151,1800,White,11,12,Low Tax Era,Low,0,13.662210183191853,Old (8-12yr),10012.583333333334,High,0,0,Medium,1,1,3,3,False,False,False,False,True,False,False,False,False,False,False,True,True,False,True,False,False,False,False,True,True,False,False,False,False,False,False,False,True,False,False,False
X-Trail,2020,2368860.0,51499,1800,Silver,10,4,High Tax Era,High,0,14.677919806873282,Mid (4-7yr),12874.75,Medium,0,0,Medium,3,3,2,3,False,False,False,False,False,False,True,False,False,False,True,False,False,False,True,False,False,False,True,False,True,False,False,False,True,False,False,False,False,False,False,False
Allion,2016,1606304.0,76587,1000,Black,6,8,Medium Tax Era,Medium,0,14.289447068284586,Old (8-12yr),9573.375,Medium,0,0,Small,2,2,2,2,False,False,False,False,False,False,False,False,True,False,False,True,False,False,False,True,False,False,False,False,True,False,False,False,False,False,False,True,False,False,False,False
Aqua,2013,1192983.0,216087,1300,Black,22,11,Low Tax Era,Medium,1,13.99196828942264,Old (8-12yr),19644.272727272728,Very High,0,0,Small,2,1,4,2,False,False,False,False,False,False,False,False,True,False,False,True,False,True,False,False,False,False,True,True,True,False,True,False,False,False,False,False,False,False,False,False
Tiida,2016,1318191.0,59763,2000,Red,14,8,Medium Tax Era,Low,0,14.091771658700532,Old (8-12yr),7470.375,Medium,0,0,Medium,1,2,2,3,False,False,False,False,False,False,True,False,False,False,False,False,False,False,True,False,False,False,True,False,True,False,False,False,True,False,False,False,False,False,False,False
Prius,2011,915640.0,90680,1800,White,7,13,Low Tax Era,Low,1,13.727379645437624,Vintage (13+yr),6975.384615384615,Medium,0,0,Medium,1,1,2,3,False,False,False,False,False,False,False,False,True,False,False,True,False,False,True,False,False,False,True,False,True,False,False,False,False,False,False,False,False,False,False,True
Every,2013,855124.0,230992,0,Silver,14,11,Low Tax Era,Very High,0,13.659002936063299,Old (8-12yr),20999.272727272728,Very High,0,0,Micro,4,1,4,1,False,False,False,False,False,False,False,True,False,True,False,False,False,False,False,False,True,False,True,True,True,False,False,False,False,False,False,False,False,False,True,False
Montero,2011,834059.0,234557,1800,White,22,13,Low Tax Era,Low,0,13.634060621199193,Vintage (13+yr),18042.846153846152,Very High,0,0,Medium,1,1,4,3,False,False,False,False,False,True,False,False,False,False,False,True,False,False,True,False,False,False,False,False,True,False,True,False,False,False,False,False,False,False,False,False
Note,2019,2229908.0,83578,1300,Red,19,5,Medium Tax Era,High,0,14.617471335428778,Mid (4-7yr),16715.6,Medium,0,0,Small,3,2,2,2,False,False,False,False,False,False,True,False,False,False,True,False,False,False,False,False,False,True,True,True,True,False,True,False,False,False,False,False,False,False,False,False
CX-3,2010,669104.0,135535,2000,White,7,14,Low Tax Era,Low,0,13.413696277467544,Vintage (13+yr),9681.07142857143,High,0,0,Medium,1,1,3,3,False,False,False,False,True,False,False,False,False,False,False,True,False,False,True,False,False,False,True,True,True,False,True,False,False,False,False,False,False,False,False,False
Fit,2013,1369756.0,156737,2000,Black,21,11,Low Tax Era,High,1,14.130143909809213,Old (8-12yr),14248.818181818182,Very High,0,1,Medium,3,1,4,3,False,True,False,False,False,False,False,False,False,False,True,False,True,True,False,False,False,False,False,False,True,False,False,False,False,False,False,False,False,False,True,False
Vezel,2011,1035389.0,154693,1000,Silver,21,13,Low Tax Era,Medium,1,13.85028872530015,Vintage (13+yr),11899.461538461539,Very High,0,0,Small,2,1,4,2,False,False,False,False,False,False,False,False,True,False,False,True,False,False,True,False,False,False,True,True,True,False,True,False,False,False,False,False,False,False,False,False
Insight,2013,1213819.0,131559,2000,Green,24,11,Low Tax Era,Low,0,14.009282969427252,Old (8-12yr),11959.90909090909,High,0,0,Medium,1,1,3,3,False,True,False,False,False,False,False,False,False,False,False,False,True,False,False,False,False,True,True,True,True,False,False,False,False,False,False,True,False,False,False,False
Prius,2019,3556909.0,87376,1500,Red,19,5,Medium Tax Era,High,1,15.084402748389513,Mid (4-7yr),17475.2,Medium,0,0,Small,3,2,2,2,False,False,False,False,False,False,False,False,True,False,True,False,False,False,False,False,False,True,True,False,True,False,True,False,False,False,False,False,False,False,False,False
Premio,2017,1821458.0,59984,1500,White,9,7,Medium Tax Era,Low,0,14.415148386256208,Mid (4-7yr),8569.142857142857,Medium,0,0,Small,1,2,2,2,False,False,False,False,False,False,False,False,True,False,False,True,True,False,False,True,False,False,False,False,True,False,False,True,False,False,False,False,False,False,False,False
Vitz,2019,2600786.0,50922,1300,White,10,5,Medium Tax Era,Medium,0,14.771324649497329,Mid (4-7yr),10184.4,Medium,0,0,Small,2,2,2,2,False,False,False,False,False,False,False,False,True,False,False,False,False,True,False,False,False,False,True,False,True,False,True,False,False,False,False,False,False,False,False,False
Every,2014,827174.0,157937,2000,Gold,21,10,Low Tax Era,Low,0,13.625771559842457,Old (8-12yr),15793.7,Very High,0,0,Medium,1,1,4,3,False,False,False,False,False,False,False,True,False,False,False,True,False,False,False,False,True,False,True,False,True,False,True,False,False,False,False,False,False,False,False,False
Ertiga,2017,1151251.0,46800,1800,White,16,7,Medium Tax Era,Low,0,13.956360603792273,Mid (4-7yr),6685.714285714285,Low,0,0,Medium,1,2,1,3,False,False,False,False,False,False,False,True,False,False,False,True,True,False,False,False,False,False,False,True,True,False,True,False,False,False,False,False,False,False,False,False
Celerio,2015,1129054.0,99315,1300,Silver,13,9,Low Tax Era,High,0,13.93689155762282,Old (8-12yr),11035.0,Medium,0,0,Small,3,1,2,2,False,False,False,False,False,False,False,True,False,False,True,False,True,False,True,False,False,False,True,False,True,False,False,False,True,False,False,False,False,False,False,False
Outlander,2021,3100515.0,42444,1000,White,10,3,High Tax Era,High,0,14.947079107216744,New (0-3yr),14148.0,Low,0,0,Small,3,3,1,2,False,False,False,False,False,True,False,False,False,False,True,False,False,False,True,False,False,False,False,True,True,False,False,False,False,False,False,False,False,False,True,False
Lancer,2011,761012.0,149110,2000,Black,15,13,Low Tax Era,Low,0,13.542405719483721,Vintage (13+yr),11470.0,High,0,0,Medium,1,1,3,3,False,False,False,False,False,True,False,False,False,False,False,False,True,False,False,False,False,True,False,False,True,False,True,False,False,False,False,False,False,False,False,False
Lancer,2018,2227064.0,70041,0,White,8,6,Medium Tax Era,Very High,0,14.616195133060984,Mid (4-7yr),11673.5,Medium,0,0,Micro,4,2,2,1,False,False,False,False,False,True,False,False,False,True,False,False,False,False,False,False,False,True,True,True,True,False,False,False,False,False,False,False,False,False,True,False
CX-5,2021,2848905.0,23464,1300,Black,10,3,High Tax Era,Medium,0,14.862445618902736,New (0-3yr),7821.333333333333,Low,0,0,Small,2,3,1,2,False,False,False,False,True,False,False,False,False,False,False,True,False,False,True,False,False,False,False,False,True,False,False,False,False,False,False,False,False,False,False,True
Hustler,2016,1123720.0,61883,2000,Brown,11,8,Medium Tax Era,Low,0,13.932156057983361,Old (8-12yr),7735.375,Medium,0,0,Medium,1,2,2,3,False,False,False,False,False,False,False,True,False,False,False,False,False,False,False,False,False,True,True,True,True,False,False,False,False,True,False,False,False,False,False,False
Fit,2017,2422483.0,65287,1800,White,23,7,Medium Tax Era,High,1,14.700304017978086,Mid (4-7yr),9326.714285714286,Medium,0,0,Medium,3,2,2,3,False,True,False,False,False,False,False,False,False,False,True,False,False,True,False,False,False,False,True,False,True,False,False,False,False,False,False,True,False,False,False,False
Accent,2020,2616546.0,42125,1800,White,21,4,High Tax Era,High,0,14.777366067560644,Mid (4-7yr),10531.25,Low,0,0,Medium,3,3,1,3,False,False,True,False,False,False,False,False,False,False,True,False,True,False,False,False,True,False,True,True,True,False,True,False,False,False,False,False,False,False,False,False
Pajero,2014,1170080.0,155675,1800,Red,10,10,Low Tax Era,High,0,13.97258353514683,Old (8-12yr),15567.5,Very High,0,0,Medium,3,1,4,3,False,False,False,False,False,True,False,False,False,False,True,False,False,True,False,False,False,False,True,False,True,False,False,False,False,False,False,False,False,False,False,False
Axio,2016,2173154.0,99003,2000,White,11,8,Medium Tax Era,High,1,14.59169058665329,Old (8-12yr),12375.375,Medium,0,0,Medium,3,2,2,3,False,False,False,False,False,False,False,False,True,False,True,False,False,False,False,True,False,False,True,False,True,False,False,False,False,True,False,False,False,False,False,False
318i,2017,3570151.0,88974,3500,Silver,18,7,Medium Tax Era,Low,0,15.088118729880257,Mid (4-7yr),12710.57142857143,Medium,7,0,Large,1,2,2,4,False,False,False,False,False,False,False,False,False,False,False,True,False,True,False,False,False,False,True,False,False,False,True,False,False,False,False,False,False,False,False,False
Aqua,2011,1048655.0,102925,1000,Brown,23,13,Low Tax Era,Medium,1,13.863019902233983,Vintage (13+yr),7917.307692307692,High,0,0,Small,2,1,3,2,False,False,False,False,False,False,False,False,True,False,False,True,False,True,False,False,False,False,True,True,True,False,True,False,False,False,False,False,False,False,False,False
Vezel,2020,2937879.0,37437,1000,Black,18,4,High Tax Era,Medium,1,14.893198790770176,Mid (4-7yr),9359.25,Low,0,0,Small,2,3,1,2,False,False,False,False,False,False,False,False,True,False,False,False,True,False,True,False,False,False,True,False,True,False,True,False,False,False,False,False,False,False,False,False
Alto,2012,932240.0,84073,660,Black,20,12,Low Tax Era,High,1,13.745346643931715,Old (8-12yr),7006.083333333333,Medium,0,1,Micro,3,1,2,1,False,False,False,False,False,False,False,True,False,False,True,False,False,True,False,False,False,False,False,False,True,False,True,False,False,False,False,False,False,False,False,False
Accord,2012,1258272.0,150687,2000,Black,24,12,Low Tax Era,High,0,14.04525070382779,Old (8-12yr),12557.25,Very High,0,0,Medium,3,1,4,3,False,True,False,False,False,False,False,False,False,False,True,False,True,False,False,False,True,False,False,False,True,False,False,False,False,False,False,False,True,False,False,False
Grace,2019,2913464.0,42669,1500,White,14,5,Medium Tax Era,High,0,14.884853652450376,Mid (4-7yr),8533.8,Low,0,0,Small,3,2,1,2,False,True,False,False,False,False,False,False,False,False,True,False,False,False,False,True,False,False,True,True,True,False,True,False,False,False,False,False,False,False,False,False
Celerio,2011,564463.0,95198,2000,Black,13,13,Low Tax Era,Low,0,13.24363188728759,Vintage (13+yr),7322.923076923077,Medium,0,0,Medium,1,1,2,3,False,False,False,False,False,False,False,True,False,False,False,True,True,False,False,False,True,False,False,True,True,False,False,False,False,False,False,True,False,False,False,False
CX-3,2021,3170972.0,32536,1300,White,23,3,High Tax Era,Medium,0,14.969549038820091,New (0-3yr),10845.333333333334,Low,0,0,Small,2,3,1,2,False,False,False,False,True,False,False,False,False,False,False,True,False,False,False,False,False,False,True,False,True,False,False,False,False,False,True,False,False,False,False,False
CH-R,2013,1023375.0,152468,2000,Silver,19,11,Low Tax Era,Low,0,13.838617523837183,Old (8-12yr),13860.727272727272,Very High,0,0,Medium,1,1,4,3,False,False,False,False,False,False,False,False,True,False,False,True,True,False,True,False,False,False,True,True,True,True,False,False,False,False,False,False,False,False,False,False
Ertiga,2018,1523576.0,108560,1300,White,7,6,Medium Tax Era,High,0,14.236571417646967,Mid (4-7yr),18093.333333333332,High,0,0,Small,3,2,3,2,False,False,False,False,False,False,False,True,False,False,True,False,True,False,False,False,True,False,True,False,True,False,False,False,True,False,False,False,False,False,False,False
Elantra,2012,807477.0,243161,2000,Silver,18,12,Low Tax Era,High,0,13.601671089125764,Old (8-12yr),20263.416666666668,Very High,0,0,Medium,3,1,4,3,False,False,True,False,False,False,False,False,False,False,True,False,True,False,True,False,False,False,True,False,True,False,True,False,False,False,False,False,False,False,False,False
Axio,2020,3986428.0,15823,2000,White,19,4,High Tax Era,High,1,15.198406400656967,Mid (4-7yr),3955.75,Low,0,0,Medium,3,3,1,3,False,False,False,False,False,False,False,False,True,False,True,False,False,False,False,True,False,False,True,True,True,False,True,False,False,False,False,False,False,False,False,False
Fit,2015,1718690.0,99426,1000,Black,20,9,Low Tax Era,High,1,14.357073512535097,Old (8-12yr),11047.333333333334,Medium,0,0,Small,3,1,2,2,False,True,False,False,False,False,False,False,False,False,True,False,True,True,False,False,False,False,True,True,True,False,False,True,False,False,False,False,False,False,False,False
Freed,2017,1876813.0,80854,1300,Black,24,7,Medium Tax Era,Medium,0,14.445086216359067,Mid (4-7yr),11550.57142857143,Medium,0,0,Small,2,2,2,2,False,True,False,False,False,False,False,False,False,False,False,True,False,False,False,False,True,False,False,True,True,False,False,False,False,False,False,False,False,False,False,False
City,2021,3824219.0,18325,1300,Black,23,3,High Tax Era,Medium,0,15.156865082879316,New (0-3yr),6108.333333333333,Low,0,0,Small,2,3,1,2,False,True,False,False,False,False,False,False,False,False,False,False,False,True,False,False,False,False,True,False,True,False,False,False,False,False,False,False,False,False,True,False
CH-R,2016,2470756.0,107782,0,Black,20,8,Medium Tax Era,Very High,0,14.720035139382247,Old (8-12yr),13472.75,High,0,0,Micro,4,2,3,1,False,False,False,False,False,False,False,False,True,True,False,False,False,False,True,False,False,False,True,True,True,False,False,True,False,False,False,False,False,False,False,False
Allion,2014,1447490.0,89950,1500,White,20,10,Low Tax Era,Low,0,14.185342270793377,Old (8-12yr),8995.0,Medium,0,0,Small,1,1,2,2,False,False,False,False,False,False,False,False,True,False,False,True,False,False,False,True,False,False,True,False,True,False,True,False,False,False,False,False,False,False,False,False
Note,2011,758355.0,130420,1300,Black,23,13,Low Tax Era,Medium,0,13.538908211362267,Vintage (13+yr),10032.307692307691,High,0,0,Small,2,1,3,2,False,False,False,False,False,False,True,False,False,False,False,False,False,True,False,False,False,False,True,True,True,False,False,False,False,False,False,False,False,False,True,False
Mirage,2018,2316559.0,63684,2000,Grey,17,6,Medium Tax Era,High,0,14.655593884647379,Mid (4-7yr),10614.0,Medium,0,0,Medium,3,2,2,3,False,False,False,False,False,True,False,False,False,False,True,False,False,False,False,False,True,False,True,False,True,False,False,False,True,False,False,False,False,False,False,False
Mazda 3,2015,2016168.0,95333,0,Silver,20,9,Low Tax Era,Very High,0,14.51670973402499,Old (8-12yr),10592.555555555555,Medium,0,0,Micro,4,1,2,1,False,False,False,False,True,False,False,False,False,True,False,False,False,False,True,False,False,False,True,False,True,False,True,False,False,False,False,False,False,False,False,False
Swift,2019,1535829.0,79632,1000,White,15,5,Medium Tax Era,Medium,1,14.244581509481261,Mid (4-7yr),15926.4,Medium,0,0,Small,2,2,2,2,False,False,False,False,False,False,False,True,False,False,False,True,False,True,False,False,False,False,True,True,True,False,True,False,False,False,False,False,False,False,False,False
Demio,2013,1025101.0,87048,1300,Blue,21,11,Low Tax Era,Medium,0,13.840302677798757,Old (8-12yr),7913.454545454545,Medium,0,0,Small,2,1,2,2,False,False,False,False,True,False,False,False,False,False,False,True,True,True,False,False,False,False,True,False,True,False,False,False,True,False,False,False,False,False,False,False
Camry,2019,2510637.0,116681,1000,White,10,5,Medium Tax Era,Medium,0,14.736047462075806,Mid (4-7yr),23336.2,High,0,0,Small,2,2,3,2,False,False,False,False,False,False,False,False,True,False,False,True,False,False,False,True,False,False,True,True,True,False,False,False,False,False,False,False,False,False,True,False
Corolla,2013,1457222.0,172449,0,White,23,11,Low Tax Era,Very High,0,14.192043127686741,Old (8-12yr),15677.181818181818,Very High,0,0,Micro,4,1,4,1,False,False,False,False,False,False,False,False,True,True,False,False,False,False,False,True,False,False,False,False,True,True,False,False,False,False,False,False,False,False,False,False
Prius,2018,2691908.0,90298,1000,White,19,6,Medium Tax Era,Medium,1,14.805761165312093,Mid (4-7yr),15049.666666666666,Medium,0,0,Small,2,2,2,2,False,False,False,False,False,False,False,False,True,False,False,False,False,False,False,False,False,False,True,True,True,False,False,False,False,False,False,False,False,False,True,False
Rio,2009,555088.0,121911,1500,Gold,23,15,Low Tax Era,Low,0,13.226883740232584,Vintage (13+yr),8127.4,High,0,0,Small,1,1,3,2,False,False,False,True,False,False,False,False,False,False,False,True,False,False,True,False,False,False,False,False,True,False,False,False,False,False,False,False,False,False,True,False
Spacia,2020,2094599.0,16019,1300,Black,10,4,High Tax Era,High,0,14.554873162321183,Mid (4-7yr),4004.75,Low,0,0,Small,3,3,1,2,False,False,False,False,False,False,False,True,False,False,True,False,True,False,True,False,False,False,True,False,True,False,False,True,False,False,False,False,False,False,False,False
Camry,2016,2104885.0,60115,2000,Black,12,8,Medium Tax Era,High,0,14.559771866862492,Old (8-12yr),7514.375,Medium,0,0,Medium,3,2,2,3,False,False,False,False,False,False,False,False,True,False,True,False,True,False,False,True,False,False,True,True,True,False,False,False,True,False,False,False,False,False,False,False
Freed,2014,1477492.0,185852,0,Silver,10,10,Low Tax Era,Very High,0,14.20585729051851,Old (8-12yr),18585.2,Very High,0,0,Micro,4,1,4,1,False,True,False,False,False,False,False,False,False,True,False,False,False,False,False,False,True,False,False,False,True,False,False,False,True,False,False,False,False,False,False,False
Mazda 3,2017,1693277.0,102979,1800,Silver,23,7,Medium Tax Era,Low,0,14.34217685318729,Mid (4-7yr),14711.285714285714,High,0,0,Medium,1,2,3,3,False,False,False,False,True,False,False,False,False,False,False,True,False,False,False,False,False,True,True,True,True,False,False,False,False,False,False,True,False,False,False,False
Every,2018,1750310.0,76527,1000,Silver,13,6,Medium Tax Era,High,0,14.375304044396097,Mid (4-7yr),12754.5,Medium,0,0,Small,3,2,2,2,False,False,False,False,False,False,False,True,False,False,True,False,False,False,False,False,True,False,False,True,True,False,False,False,True,False,False,False,False,False,False,False
CX-3,2014,1152701.0,100967,2000,White,6,10,Low Tax Era,Low,0,13.957619309644421,Old (8-12yr),10096.7,High,0,0,Medium,1,1,3,3,False,False,False,False,True,False,False,False,False,False,False,True,False,True,False,False,False,False,False,False,True,False,False,False,False,False,False,False,False,False,False,True
Corolla,2019,2921283.0,100587,1500,Silver,6,5,Medium Tax Era,High,0,14.887533803620704,Mid (4-7yr),20117.4,High,0,0,Small,3,2,3,2,False,False,False,False,False,False,False,False,True,False,True,False,False,False,False,True,False,False,True,True,True,False,True,False,False,False,False,False,False,False,False,False
CX-5,2011,794121.0,174328,1300,Black,22,13,Low Tax Era,Medium,0,13.5849923808189,Vintage (13+yr),13409.846153846154,Very High,0,0,Small,2,1,4,2,False,False,False,False,True,False,False,False,False,False,False,True,False,False,True,False,False,False,False,True,True,False,False,False,True,False,False,False,False,False,False,False
Vezel,2012,1087012.0,226149,2000,Grey,19,12,Low Tax Era,Low,1,13.89894412555345,Old (8-12yr),18845.75,Very High,0,0,Medium,1,1,4,3,False,False,False,False,False,False,False,False,True,False,False,True,False,False,True,False,False,False,True,False,True,False,False,False,False,False,False,False,False,False,False,True
Vitz,2017,2283461.0,115172,1300,Grey,20,7,Medium Tax Era,Medium,0,14.64120327034764,Mid (4-7yr),16453.14285714286,High,0,0,Small,2,2,3,2,False,False,False,False,False,False,False,False,True,False,False,False,False,True,False,False,False,False,True,True,True,False,False,False,False,False,False,True,False,False,False,False
Grace,2010,728971.0,232150,1800,Black,11,14,Low Tax Era,Low,0,13.49939060147401,Vintage (13+yr),16582.14285714286,Very High,0,0,Medium,1,1,4,3,False,True,False,False,False,False,False,False,False,False,False,True,False,False,False,True,False,False,True,True,True,False,True,False,False,False,False,False,False,False,False,False
Celerio,2018,1798521.0,119139,1000,Blue,18,6,Medium Tax Era,High,0,14.402475774458903,Mid (4-7yr),19856.5,High,0,0,Small,3,2,3,2,False,False,False,False,False,False,False,True,False,False,True,False,False,True,False,False,False,False,True,True,True,False,False,False,False,False,False,False,False,False,False,False
Insight,2021,4114119.0,37778,0,White,22,3,High Tax Era,Very High,0,15.229935517461913,New (0-3yr),12592.666666666666,Low,0,0,Micro,4,3,1,1,False,True,False,False,False,False,False,False,False,True,False,False,True,False,True,False,False,False,True,False,True,False,False,False,True,False,False,False,False,False,False,False
Prius,2013,1497594.0,169831,0,Black,13,11,Low Tax Era,Very High,1,14.219371046024678,Old (8-12yr),15439.181818181818,Very High,0,0,Micro,4,1,4,1,False,False,False,False,False,False,False,False,True,True,False,False,False,False,False,False,False,True,True,True,True,False,True,False,False,False,False,False,False,False,False,False
Tiida,2021,2345932.0,28509,2000,Red,11,3,High Tax Era,Low,0,14.668193748537949,New (0-3yr),9503.0,Low,0,0,Medium,1,3,1,3,False,False,False,False,False,False,True,False,False,False,False,True,False,True,False,False,False,False,True,True,True,False,False,False,False,False,False,False,False,True,False,False
Grace,2020,3311864.0,39182,1000,Black,18,4,High Tax Era,High,0,15.013022032786976,Mid (4-7yr),9795.5,Low,0,0,Small,3,3,1,2,False,True,False,False,False,False,False,False,False,False,True,False,False,False,False,True,False,False,True,True,True,True,False,False,False,False,False,False,False,False,False,False
Prius,2016,1797115.0,79585,2000,White,8,8,Medium Tax Era,Low,1,14.401693715713467,Old (8-12yr),9948.125,Medium,0,0,Medium,1,2,2,3,False,False,False,False,False,False,False,False,True,False,False,False,False,False,False,False,True,False,True,True,True,False,False,False,True,False,False,False,False,False,False,False
Vezel,2009,828103.0,166994,1000,White,23,15,Low Tax Era,Medium,1,13.626894029344626,Vintage (13+yr),11132.933333333332,Very High,0,1,Small,2,1,4,2,False,False,False,False,False,False,False,False,True,False,False,True,False,False,True,False,False,False,False,False,True,False,False,True,False,False,False,False,False,False,False,False
Alto,2013,625203.0,207368,800,White,13,11,Low Tax Era,Medium,1,13.345833275461647,Old (8-12yr),18851.636363636364,Very High,0,0,Small,2,1,4,2,False,False,False,False,False,False,False,True,False,False,False,True,False,True,False,False,False,False,True,False,True,False,False,False,True,False,False,False,False,False,False,False
Prius,2017,2237777.0,95413,1800,Black,6,7,Medium Tax Era,Low,1,14.620993967223331,Mid (4-7yr),13630.42857142857,Medium,0,0,Medium,1,2,2,3,False,False,False,False,False,False,False,False,True,False,False,False,False,False,True,False,False,False,True,True,True,False,True,False,False,False,False,False,False,False,False,False
X3,2013,2134756.0,210270,0,Grey,23,11,Low Tax Era,Very High,0,14.573863380836967,Old (8-12yr),19115.454545454544,Very High,11,0,Micro,4,1,4,1,False,False,False,False,False,False,False,False,False,True,False,False,True,True,False,False,False,False,False,True,False,False,False,False,False,False,False,False,False,False,True,False
Rio,2011,741092.0,170153,1000,White,10,13,Low Tax Era,Medium,0,13.51588140247587,Vintage (13+yr),13088.692307692309,Very High,0,0,Small,2,1,4,2,False,False,False,True,False,False,False,False,False,False,False,False,False,True,False,False,False,False,True,True,True,False,False,False,True,False,False,False,False,False,False,False
Aqua,2018,3334524.0,89002,1000,Black,22,6,Medium Tax Era,High,1,15.019840798402312,Mid (4-7yr),14833.666666666666,Medium,0,1,Small,3,2,2,2,False,False,False,False,False,False,False,False,True,False,True,False,False,True,False,False,False,False,False,True,True,False,True,False,False,False,False,False,False,False,False,False
Picanto,2015,1549631.0,83167,1800,Silver,15,9,Low Tax Era,High,0,14.253528041352153,Old (8-12yr),9240.777777777777,Medium,0,0,Medium,3,1,2,3,False,False,False,True,False,False,False,False,False,False,True,False,False,True,False,False,False,False,True,False,True,False,False,False,True,False,False,False,False,False,False,False
Elantra,2021,2469600.0,43395,1500,White,7,3,High Tax Era,Low,0,14.719567157093879,New (0-3yr),14465.0,Low,0,0,Small,1,3,1,2,False,False,True,False,False,False,False,False,False,False,False,True,False,False,True,False,False,False,True,False,True,False,False,True,False,False,False,False,False,False,False,False
Hustler,2012,524144.0,121581,1300,White,10,12,Low Tax Era,Medium,0,13.16952364258119,Old (8-12yr),10131.75,High,0,0,Small,2,1,3,2,False,False,False,False,False,False,False,True,False,False,False,True,True,True,False,False,False,False,True,True,True,False,False,False,False,False,True,False,False,False,False,False
Spacia,2010,500000.0,195603,1800,White,10,14,Low Tax Era,Low,0,13.122365377402328,Vintage (13+yr),13971.642857142857,Very High,0,0,Medium,1,1,4,3,False,False,False,False,False,False,False,True,False,False,False,True,False,False,False,False,False,True,True,True,True,False,False,False,False,False,True,False,False,False,False,False
Premio,2018,2069631.0,99682,2000,Black,5,6,Medium Tax Era,Low,0,14.542881371659432,Mid (4-7yr),16613.666666666668,Medium,0,0,Medium,1,2,2,3,False,False,False,False,False,False,False,False,True,False,False,False,False,False,False,True,False,False,False,False,True,True,False,False,False,False,False,False,False,False,False,False
Hustler,2013,878384.0,237094,1800,Silver,12,11,Low Tax Era,High,0,13.685840273088866,Old (8-12yr),21554.0,Very High,0,0,Medium,3,1,4,3,False,False,False,False,False,False,False,True,False,False,True,False,False,False,False,False,False,False,False,False,True,False,False,False,False,False,False,False,False,False,False,True
E250,2017,3647017.0,88821,3000,White,15,7,Medium Tax Era,Low,0,15.109420405342114,Mid (4-7yr),12688.714285714286,Medium,7,0,Large,1,2,2,4,True,False,False,False,False,False,False,False,False,False,False,True,False,False,False,False,True,False,True,True,False,False,False,False,False,False,False,False,False,False,True,False
Ertiga,2016,1252444.0,43323,1500,Grey,21,8,Medium Tax Era,Low,0,14.04060819880134,Old (8-12yr),5415.375,Low,0,0,Small,1,2,1,2,False,False,False,False,False,False,False,True,False,False,False,False,False,True,False,False,False,False,False,True,True,True,False,False,False,False,False,False,False,False,False,False
Civic,2017,2076303.0,41979,1500,White,14,7,Medium Tax Era,Low,0,14.546099948000085,Mid (4-7yr),5997.0,Low,0,0,Small,1,2,1,2,False,True,False,False,False,False,False,False,False,False,False,False,False,False,False,True,False,False,False,True,True,False,True,False,False,False,False,False,False,False,False,False
Demio,2013,1045751.0,116680,1000,Silver,17,11,Low Tax Era,High,0,13.860246801805605,Old (8-12yr),10607.272727272728,High,0,0,Small,3,1,3,2,False,False,False,False,True,False,False,False,False,False,True,False,True,True,False,False,False,False,True,False,True,False,False,False,True,False,False,False,False,False,False,False
Sorento,2021,2637425.0,57642,1300,Red,5,3,High Tax Era,High,0,14.78531399950082,New (0-3yr),19214.0,Medium,0,0,Small,3,3,2,2,False,False,False,True,False,False,False,False,False,False,True,False,False,True,False,False,False,False,True,True,True,True,False,False,False,False,False,False,False,False,False,False
X-Trail,2017,1154294.0,117281,1000,White,5,7,Medium Tax Era,Medium,0,13.959000325964062,Mid (4-7yr),16754.428571428572,High,0,0,Small,2,2,3,2,False,False,False,False,False,False,True,False,False,False,False,True,True,False,True,False,False,False,True,False,True,False,False,False,True,False,False,False,False,False,False,False
Accord,2011,725727.0,194430,1500,White,12,13,Low Tax Era,Low,0,13.494930567958589,Vintage (13+yr),14956.153846153846,Very High,0,0,Small,1,1,4,2,False,True,False,False,False,False,False,False,False,False,False,False,True,False,False,False,False,False,False,True,True,False,False,False,True,False,False,False,False,False,False,False
Picanto,2010,591586.0,235312,1800,Red,18,14,Low Tax Era,Low,0,13.290564035270378,Vintage (13+yr),16808.0,Very High,0,0,Medium,1,1,4,3,False,False,False,True,False,False,False,False,False,False,False,False,False,False,False,False,True,False,True,True,True,False,False,False,False,False,False,True,False,False,False,False
Axio,2013,1252495.0,121965,1500,White,9,11,Low Tax Era,Low,1,14.040648918323283,Old (8-12yr),11087.727272727272,High,0,1,Small,1,1,3,2,False,False,False,False,False,False,False,False,True,False,False,True,False,False,False,True,False,False,False,False,True,False,True,False,False,False,False,False,False,False,False,False
Tucson,2015,1302376.0,114155,1500,White,22,9,Low Tax Era,High,0,14.079701614369318,Old (8-12yr),12683.888888888889,High,0,0,Small,3,1,3,2,False,False,True,False,False,False,False,False,False,False,True,False,False,False,True,False,False,False,True,True,True,False,False,False,True,False,False,False,False,False,False,False
Elantra,2019,2079995.0,117199,1000,Black,9,5,Medium Tax Era,High,0,14.547876528598728,Mid (4-7yr),23439.8,High,0,0,Small,3,2,3,2,False,False,True,False,False,False,False,False,False,False,True,False,False,False,False,False,False,True,True,False,True,True,False,False,False,False,False,False,False,False,False,False
CH-R,2015,2006455.0,48195,1000,Silver,23,9,Low Tax Era,High,0,14.511880539717048,Old (8-12yr),5355.0,Low,0,0,Small,3,1,1,2,False,False,False,False,False,False,False,False,True,False,True,False,False,False,True,False,False,False,False,True,True,False,False,False,False,False,True,False,False,False,False,False
Creta,2008,500000.0,211765,1000,Silver,14,16,Low Tax Era,Medium,0,13.122365377402328,Vintage (13+yr),13235.3125,Very High,0,0,Small,2,1,4,2,False,False,True,False,False,False,False,False,False,False,False,True,True,False,False,True,False,False,False,False,True,False,True,False,False,False,False,False,False,False,False,False
i10,2019,1964163.0,77489,1300,White,16,5,Medium Tax Era,Medium,0,14.490577267465351,Mid (4-7yr),15497.8,Medium,0,0,Small,2,2,2,2,False,False,True,False,False,False,False,False,False,False,False,True,False,True,False,False,False,False,True,True,True,False,False,False,False,True,False,False,False,False,False,False
Premio,2015,1450648.0,109285,1500,White,8,9,Low Tax Era,Low,0,14.187521600466827,Old (8-12yr),12142.777777777777,High,0,0,Small,1,1,3,2,False,False,False,False,False,False,False,False,True,False,False,True,False,False,False,True,False,False,True,False,True,False,False,False,False,False,False,True,False,False,False,False
City,2020,2436059.0,37435,1800,White,8,4,High Tax Era,Low,0,14.70589253805047,Mid (4-7yr),9358.75,Low,0,0,Medium,1,3,1,3,False,True,False,False,False,False,False,False,False,False,False,True,True,False,False,False,False,True,True,True,True,False,True,False,False,False,False,False,False,False,False,False
Corolla,2023,4364980.125,7716,1500,White,7,1,High Tax Era,Low,0,15.28912442307696,New (0-3yr),7716.0,Low,0,0,Small,1,3,1,2,False,False,False,False,False,False,False,False,True,False,False,False,False,False,False,True,False,False,True,False,True,False,False,False,False,False,False,True,False,False,False,False
Celerio,2015,1259647.0,51135,1500,Black,13,9,Low Tax Era,High,0,14.046342874818603,Old (8-12yr),5681.666666666667,Medium,0,0,Small,3,1,2,2,False,False,False,False,False,False,False,True,False,False,True,False,False,False,False,True,False,False,False,True,True,False,False,False,False,False,False,False,False,True,False,False
Axio,2016,1641498.0,47139,2000,Silver,9,8,Medium Tax Era,Low,1,14.311120406724696,Old (8-12yr),5892.375,Low,0,0,Medium,1,2,1,3,False,False,False,False,False,False,False,False,True,False,False,False,False,False,False,True,False,False,True,False,True,False,False,False,False,False,False,False,False,False,False,False
Picanto,2014,979180.0,174311,1500,Silver,7,10,Low Tax Era,Low,0,13.794471786957175,Old (8-12yr),17431.1,Very High,0,0,Small,1,1,4,2,False,False,False,True,False,False,False,False,False,False,False,False,False,False,False,False,False,True,True,True,True,False,False,True,False,False,False,False,False,False,False,False
Hustler,2018,1578985.0,55029,1000,Silver,20,6,Medium Tax Era,Medium,0,14.272293426827352,Mid (4-7yr),9171.5,Medium,0,0,Small,2,2,2,2,False,False,False,False,False,False,False,True,False,False,False,True,False,True,False,False,False,False,True,True,True,False,False,False,False,False,False,True,False,False,False,False
Note,2017,1761463.0,96249,0,Red,12,7,Medium Tax Era,Very High,0,14.38165583942714,Mid (4-7yr),13749.857142857143,Medium,0,0,Micro,4,2,2,1,False,False,False,False,False,False,True,False,False,True,False,False,False,False,False,False,True,False,True,False,True,False,False,True,False,False,False,False,False,False,False,False
Swift,2020,1810637.0,22770,1800,White,20,4,High Tax Era,Low,1,14.409189827321192,Mid (4-7yr),5692.5,Low,0,0,Medium,1,3,1,3,False,False,False,False,False,False,False,True,False,False,False,True,False,True,False,False,False,False,True,False,True,False,False,True,False,False,False,False,False,False,False,False
Prius,2013,1462659.0,118769,2000,Silver,11,11,Low Tax Era,High,1,14.195767253813619,Old (8-12yr),10797.181818181818,High,0,0,Medium,3,1,3,3,False,False,False,False,False,False,False,False,True,False,True,False,False,False,False,False,False,True,True,True,True,False,False,False,False,False,False,False,False,False,False,True
Prius,2012,1284295.0,105407,1300,White,9,12,Low Tax Era,High,1,14.065721266259196,Old (8-12yr),8783.916666666666,High,0,0,Small,3,1,3,2,False,False,False,False,False,False,False,False,True,False,True,False,False,False,False,False,False,True,True,True,True,False,False,False,True,False,False,False,False,False,False,False
CH-R,2015,2009570.0,89008,1500,Red,13,9,Low Tax Era,High,0,14.513431824419408,Old (8-12yr),9889.777777777777,Medium,0,0,Small,3,1,2,2,False,False,False,False,False,False,False,False,True,False,True,False,False,False,True,False,False,False,False,False,True,False,False,False,False,False,False,False,False,False,False,True
Corolla,2015,1848595.0,72022,1300,Gold,23,9,Low Tax Era,Medium,0,14.429936990010841,Old (8-12yr),8002.444444444444,Medium,0,0,Small,2,1,2,2,False,False,False,False,False,False,False,False,True,False,False,False,False,False,False,True,False,False,True,False,True,False,False,False,False,False,False,False,False,False,False,True
Grace,2013,1176135.0,117242,1300,White,15,11,Low Tax Era,Medium,0,13.9777450470127,Old (8-12yr),10658.363636363636,High,0,0,Small,2,1,3,2,False,True,False,False,False,False,False,False,False,False,False,False,True,False,False,True,False,False,False,False,True,False,True,False,False,False,False,False,False,False,False,False
Axio,2020,3521598.0,45511,1000,Silver,17,4,High Tax Era,High,1,15.074425705792459,Mid (4-7yr),11377.75,Low,0,1,Small,3,3,1,2,False,False,False,False,False,False,False,False,True,False,True,False,False,False,False,True,False,False,False,True,True,False,False,False,False,True,False,False,False,False,False,False
Vezel,2013,1063760.0,158206,1300,White,7,11,Low Tax Era,Medium,1,13.877321299591813,Old (8-12yr),14382.363636363636,Very High,0,0,Small,2,1,4,2,False,True,False,False,False,False,False,False,False,False,False,False,False,False,True,False,False,False,True,False,True,False,False,False,True,False,False,False,False,False,False,False
Alto,2010,500000.0,218878,660,Red,10,14,Low Tax Era,Medium,1,13.122365377402328,Vintage (13+yr),15634.142857142857,Very High,0,1,Micro,2,1,4,1,False,False,False,False,False,False,False,True,False,False,False,True,False,True,False,False,False,False,False,False,True,True,False,False,False,False,False,False,False,False,False,False
CH-R,2021,4364980.125,23774,0,Silver,10,3,High Tax Era,Very High,0,15.28912442307696,New (0-3yr),7924.666666666667,Low,0,0,Micro,4,3,1,1,False,False,False,False,False,False,False,False,True,True,False,False,False,False,True,False,False,False,False,True,True,False,False,True,False,False,False,False,False,False,False,False
CH-R,2012,990821.0,242333,1500,White,5,12,Low Tax Era,Low,0,13.806290180630201,Old (8-12yr),20194.416666666668,Very High,0,0,Small,1,1,4,2,False,False,False,False,False,False,False,False,True,False,False,True,False,False,True,False,False,False,True,True,True,False,True,False,False,False,False,False,False,False,False,False
Camry,2008,564059.0,158944,1000,Brown,10,16,Low Tax Era,Medium,0,13.242915907800652,Vintage (13+yr),9934.0,Very High,0,0,Small,2,1,4,2,False,False,False,False,False,False,False,False,True,False,False,True,False,False,False,True,False,False,False,True,True,False,False,False,False,False,False,False,False,True,False,False
Sportage,2015,1665071.0,86380,2000,Green,22,9,Low Tax Era,High,0,14.325378923704962,Old (8-12yr),9597.777777777777,Medium,0,0,Medium,3,1,2,3,False,False,False,True,False,False,False,False,False,False,True,False,False,False,False,False,False,False,True,True,True,False,False,False,False,False,False,False,False,True,False,False
Celerio,2019,1761214.0,90362,1000,Silver,22,5,Medium Tax Era,Medium,0,14.38151446974775,Mid (4-7yr),18072.4,Medium,0,0,Small,2,2,2,2,False,False,False,False,False,False,False,True,False,False,False,True,False,False,False,False,False,False,True,False,True,False,False,False,True,False,False,False,False,False,False,False
Corolla,2011,831197.0,138001,1500,Red,8,13,Low Tax Era,Low,0,13.630623312604492,Vintage (13+yr),10615.461538461539,High,0,0,Small,1,1,3,2,False,False,False,False,False,False,False,False,True,False,False,True,False,False,False,True,False,False,True,True,True,False,True,False,False,False,False,False,False,False,False,False
Premio,2021,3541622.0,49256,1800,Gold,13,3,High Tax Era,Low,0,15.080095654618873,New (0-3yr),16418.666666666668,Low,0,0,Medium,1,3,1,3,False,False,False,False,False,False,False,False,True,False,False,False,True,False,False,True,False,False,True,False,True,False,False,True,False,False,False,False,False,False,False,False
Accord,2019,2169841.0,66571,2000,Blue,8,5,Medium Tax Era,Low,0,14.59016491180588,Mid (4-7yr),13314.2,Medium,0,0,Medium,1,2,2,3,False,True,False,False,False,False,False,False,False,False,False,False,False,True,False,False,False,False,True,True,True,False,False,False,False,False,False,False,False,True,False,False
Creta,2014,912593.0,194165,1300,Black,8,10,Low Tax Era,Medium,0,13.724046372831866,Old (8-12yr),19416.5,Very High,0,0,Small,2,1,4,2,False,False,True,False,False,False,False,False,False,False,False,True,False,False,False,True,False,False,False,False,True,False,False,False,True,False,False,False,False,False,False,False
Fit,2013,1051567.0,192364,1000,White,20,11,Low Tax Era,Medium,1,13.865792941553641,Old (8-12yr),17487.636363636364,Very High,0,0,Small,2,1,4,2,False,True,False,False,False,False,False,False,False,False,False,True,False,True,False,False,False,False,True,False,True,False,True,False,False,False,False,False,False,False,False,False
Vezel,2017,2426981.0,44803,1500,White,19,7,Medium Tax Era,High,1,14.702159068117577,Mid (4-7yr),6400.428571428572,Low,0,0,Small,3,2,1,2,False,False,False,False,False,False,False,False,True,False,True,False,False,False,True,False,False,False,True,False,True,False,False,True,False,False,False,False,False,False,False,False
Axio,2020,3064947.0,44753,1000,White,24,4,High Tax Era,Medium,1,14.935541161466277,Mid (4-7yr),11188.25,Low,0,1,Small,2,3,1,2,False,False,False,False,False,False,False,False,True,False,False,True,False,False,False,True,False,False,False,False,True,False,False,False,False,False,False,False,True,False,False,False
Leaf,2020,2632726.0,50137,1300,White,10,4,High Tax Era,High,0,14.783530749092254,Mid (4-7yr),12534.25,Medium,0,0,Small,3,3,2,2,False,False,False,False,False,False,True,False,False,False,True,False,False,False,False,False,False,True,True,False,True,False,False,False,True,False,False,False,False,False,False,False
Accent,2016,1298211.0,98630,1500,Red,11,8,Medium Tax Era,Low,0,14.0764984911068,Old (8-12yr),12328.75,Medium,0,0,Small,1,2,2,2,False,False,True,False,False,False,False,False,False,False,False,True,False,False,False,False,False,False,True,False,True,False,False,False,False,False,False,True,False,False,False,False
Atenza,2011,729626.0,94425,1500,Red,17,13,Low Tax Era,Low,0,13.50028872363648,Vintage (13+yr),7263.461538461538,Medium,0,0,Small,1,1,2,2,False,False,False,False,True,False,False,False,False,False,False,True,True,False,True,False,False,False,True,False,True,False,True,False,False,False,False,False,False,False,False,False
Vitz,2019,2841184.0,112843,1500,Gold,10,5,Medium Tax Era,Low,0,14.859731776632472,Mid (4-7yr),22568.6,High,0,0,Small,1,2,3,2,False,False,False,False,False,False,False,False,True,False,False,True,False,True,False,False,False,False,False,True,True,False,True,False,False,False,False,False,False,False,False,False
Picanto,2011,663656.0,172162,2000,Silver,11,13,Low Tax Era,Low,0,13.405520728727193,Vintage (13+yr),13243.23076923077,Very High,0,0,Medium,1,1,4,3,False,False,False,True,False,False,False,False,False,False,False,True,False,False,False,True,False,False,True,False,True,False,False,False,False,False,False,False,False,True,False,False
Alto,2018,1476975.0,100309,660,Red,14,6,Medium Tax Era,Medium,1,14.205507312227809,Mid (4-7yr),16718.166666666668,High,0,0,Micro,2,2,3,1,False,False,False,False,False,False,False,True,False,False,False,True,False,True,False,False,False,False,True,True,True,False,False,False,True,False,False,False,False,False,False,False
Vezel,2020,3516394.0,16702,1800,Silver,11,4,High Tax Era,High,1,15.072946875049379,Mid (4-7yr),4175.5,Low,0,0,Medium,3,3,1,3,False,False,False,False,False,False,False,False,True,False,True,False,True,False,True,False,False,False,True,True,True,False,True,False,False,False,False,False,False,False,False,False
Swift,2020,1839446.0,26160,1800,White,11,4,High Tax Era,High,1,14.424975540934666,Mid (4-7yr),6540.0,Low,0,0,Medium,3,3,1,3,False,False,False,False,False,False,False,True,False,False,True,False,True,True,False,False,False,False,True,True,True,False,False,False,False,False,True,False,False,False,False,False
Sorento,2019,1982099.0,89455,1500,Black,16,5,Medium Tax Era,Low,0,14.499667446686086,Mid (4-7yr),17891.0,Medium,0,0,Small,1,2,2,2,False,False,False,True,False,False,False,False,False,False,False,True,False,False,False,False,False,True,False,True,True,False,False,False,True,False,False,False,False,False,False,False
CH-R,2016,2177673.0,55935,1000,Silver,6,8,Medium Tax Era,High,0,14.59376789266786,Old (8-12yr),6991.875,Medium,0,0,Small,3,2,2,2,False,False,False,False,False,False,False,False,True,False,True,False,False,False,True,False,False,False,False,False,True,False,False,False,False,False,False,False,True,False,False,False
Celerio,2020,2524060.0,40579,1300,White,21,4,High Tax Era,High,0,14.741379670338521,Mid (4-7yr),10144.75,Low,0,0,Small,3,3,1,2,False,False,False,False,False,False,False,True,False,False,True,False,False,False,False,True,False,False,False,False,True,False,False,False,False,False,False,False,False,False,False,True
Axio,2018,2497657.0,55701,2000,White,5,6,Medium Tax Era,Low,1,14.730864050767073,Mid (4-7yr),9283.5,Medium,0,1,Medium,1,2,2,3,False,False,False,False,False,False,False,False,True,False,False,False,False,False,False,True,False,False,False,True,True,False,True,False,False,False,False,False,False,False,False,False
Outlander,2018,2225525.0,95773,1800,Black,24,6,Medium Tax Era,High,0,14.61550385013772,Mid (4-7yr),15962.166666666666,Medium,0,0,Medium,3,2,2,3,False,False,False,False,False,True,False,False,False,False,True,False,False,False,True,False,False,False,False,True,True,False,False,False,False,False,False,False,False,False,True,False
Civic,2020,3826067.0,57205,1300,White,19,4,High Tax Era,High,0,15.157348201955603,Mid (4-7yr),14301.25,Medium,0,0,Small,3,3,2,2,False,True,False,False,False,False,False,False,False,False,True,False,False,False,False,True,False,False,True,True,True,False,True,False,False,False,False,False,False,False,False,False
ASX,2022,3538012.0,48799,1800,White,6,2,High Tax Era,High,0,15.07907582808743,New (0-3yr),24399.5,Low,0,0,Medium,3,3,1,3,False,False,False,False,False,True,False,False,False,False,True,False,False,False,True,False,False,False,False,True,True,True,False,False,False,False,False,False,False,False,False,False
Demio,2016,1600185.0,69482,1500,Blue,13,8,Medium Tax Era,Low,0,14.285630430453502,Old (8-12yr),8685.25,Medium,0,0,Small,1,2,2,2,False,False,False,False,True,False,False,False,False,False,False,True,False,True,False,False,False,False,False,False,True,False,False,False,True,False,False,False,False,False,False,False
Civic,2021,3767828.0,32454,1500,Brown,15,3,High Tax Era,High,0,15.142009531482984,New (0-3yr),10818.0,Low,0,0,Small,3,3,1,2,False,True,False,False,False,False,False,False,False,False,True,False,True,False,False,True,False,False,False,False,True,False,False,False,False,False,False,True,False,False,False,False
Spacia,2014,1008006.0,95852,1800,White,19,10,Low Tax Era,High,0,13.823485672033783,Old (8-12yr),9585.2,Medium,0,0,Medium,3,1,2,3,False,False,False,False,False,False,False,True,False,False,True,False,False,False,False,False,False,True,True,False,True,False,False,False,False,False,True,False,False,False,False,False
City,2019,2206055.0,49136,1500,Black,7,5,Medium Tax Era,Low,0,14.606716863786167,Mid (4-7yr),9827.2,Low,0,0,Small,1,2,1,2,False,True,False,False,False,False,False,False,False,False,False,True,False,False,False,False,True,False,False,False,True,False,True,False,False,False,False,False,False,False,False,False
Civic,2019,2408427.0,68491,1300,White,11,5,Medium Tax Era,Medium,0,14.694484810480601,Mid (4-7yr),13698.2,Medium,0,0,Small,2,2,2,2,False,True,False,False,False,False,False,False,False,False,False,False,True,False,False,True,False,False,False,True,True,False,False,True,False,False,False,False,False,False,False,False
Ertiga,2018,1858974.0,90728,2000,Silver,11,6,Medium Tax Era,High,0,14.435535818522784,Mid (4-7yr),15121.333333333334,Medium,0,0,Medium,3,2,2,3,False,False,False,False,False,False,False,True,False,False,True,False,False,False,True,False,False,False,True,False,True,False,True,False,False,False,False,False,False,False,False,False
Every,2016,1115951.0,96921,1800,Black,6,8,Medium Tax Era,Low,0,13.925218410245716,Old (8-12yr),12115.125,Medium,0,0,Medium,1,2,2,3,False,False,False,False,False,False,False,True,False,False,False,False,False,False,False,False,True,False,True,True,True,False,False,False,False,False,False,True,False,False,False,False
Axio,2017,2022976.0,48945,1500,Black,14,7,Medium Tax Era,Low,1,14.520080746831669,Mid (4-7yr),6992.142857142857,Low,0,1,Small,1,2,1,2,False,False,False,False,False,False,False,False,True,False,False,True,False,False,False,True,False,False,False,True,True,False,False,False,True,False,False,False,False,False,False,False
Ertiga,2019,1694394.0,54694,1000,Black,24,5,Medium Tax Era,Medium,0,14.342836302927852,Mid (4-7yr),10938.8,Medium,0,0,Small,2,2,2,2,False,False,False,False,False,False,False,True,False,False,False,True,False,False,False,False,False,True,True,False,True,False,True,False,False,False,False,False,False,False,False,False
Prius,2019,2709246.0,88225,1300,Brown,18,5,Medium Tax Era,Medium,1,14.812181294467106,Mid (4-7yr),17645.0,Medium,0,1,Small,2,2,2,2,False,False,False,False,False,False,False,False,True,False,False,True,True,False,True,False,False,False,False,False,True,False,False,False,False,True,False,False,False,False,False,False
E200,2017,3492972.0,105211,2400,White,6,7,Medium Tax Era,Low,0,15.06626379401389,Mid (4-7yr),15030.142857142857,High,7,0,Large,1,2,3,4,True,False,False,False,False,False,False,False,False,False,False,False,False,True,False,False,False,False,False,True,False,False,False,False,True,False,False,False,False,False,False,False
CH-R,2010,722353.0,137450,1000,Red,12,14,Low Tax Era,Medium,0,13.490270602424026,Vintage (13+yr),9817.857142857143,High,0,0,Small,2,1,3,2,False,False,False,False,False,False,False,False,True,False,False,False,True,False,True,False,False,False,True,False,True,False,False,False,True,False,False,False,False,False,False,False
Insight,2015,1388085.0,98770,1300,Black,11,9,Low Tax Era,Medium,0,14.143436377783646,Old (8-12yr),10974.444444444445,Medium,0,0,Small,2,1,2,2,False,True,False,False,False,False,False,False,False,False,False,False,False,False,False,False,False,True,True,True,True,False,False,True,False,False,False,False,False,False,False,False
Santa Fe,2014,951809.0,189578,1800,Brown,24,10,Low Tax Era,Low,0,13.766120714022865,Old (8-12yr),18957.8,Very High,0,0,Medium,1,1,4,3,False,False,True,False,False,False,False,False,False,False,False,True,False,True,False,False,False,False,False,True,True,False,True,False,False,False,False,False,False,False,False,False
Caravan,2020,2785191.0,30829,1800,Black,24,4,High Tax Era,High,0,14.839827369721256,Mid (4-7yr),7707.25,Low,0,0,Medium,3,3,1,3,False,False,False,False,False,False,True,False,False,False,True,False,False,False,False,False,True,False,True,False,True,False,False,False,True,False,False,False,False,False,False,False
Aqua,2017,2755009.0,89600,2000,White,20,7,Medium Tax Era,High,1,14.828931630326629,Mid (4-7yr),12800.0,Medium,0,0,Medium,3,2,2,3,False,False,False,False,False,False,False,False,True,False,True,False,False,True,False,False,False,False,True,False,True,False,False,False,False,False,False,False,False,False,False,False
Axio,2016,2351842.0,41069,1500,Grey,14,8,Medium Tax Era,High,1,14.67070983407198,Old (8-12yr),5133.625,Low,0,0,Small,3,2,1,2,False,False,False,False,False,False,False,False,True,False,True,False,False,False,False,True,False,False,True,False,True,False,True,False,False,False,False,False,False,False,False,False
Spacia,2016,1070755.0,62789,1300,Green,11,8,Medium Tax Era,Medium,0,13.883875499010832,Old (8-12yr),7848.625,Medium,0,0,Small,2,2,2,2,False,False,False,False,False,False,False,True,False,False,False,False,False,True,False,False,False,False,False,True,True,False,False,False,False,False,False,True,False,False,False,False
Wagon R,2012,732169.0,101179,1000,Black,17,12,Low Tax Era,High,1,13.503768006416971,Old (8-12yr),8431.583333333334,High,0,0,Small,3,1,3,2,False,False,False,False,False,False,False,True,False,False,True,False,False,True,False,False,False,False,True,False,True,False,False,False,True,False,False,False,False,False,False,False
Vitz,2009,745876.0,121098,1800,Silver,22,15,Low Tax Era,Low,0,13.522315986235235,Vintage (13+yr),8073.2,High,0,0,Medium,1,1,3,3,False,False,False,False,False,False,False,False,True,False,False,True,True,True,False,False,False,False,True,True,True,True,False,False,False,False,False,False,False,False,False,False
Accord,2019,2505349.0,78491,1800,White,5,5,Medium Tax Era,High,0,14.733939003299977,Mid (4-7yr),15698.2,Medium,0,0,Medium,3,2,2,3,False,True,False,False,False,False,False,False,False,False,True,False,False,True,False,False,False,False,True,True,True,False,False,False,False,False,False,True,False,False,False,False
Aqua,2019,2997350.0,85823,1300,Black,17,5,Medium Tax Era,High,1,14.913239456558243,Mid (4-7yr),17164.6,Medium,0,1,Small,3,2,2,2,False,False,False,False,False,False,False,False,True,False,True,False,False,True,False,False,False,False,False,False,True,False,False,False,False,False,False,False,False,False,True,False
520d,2019,4364980.125,91901,3500,White,12,5,Medium Tax Era,Low,0,15.28912442307696,Mid (4-7yr),18380.2,Medium,5,0,Large,1,2,2,4,False,False,False,False,False,False,False,False,False,False,False,False,False,False,False,False,False,True,False,True,False,False,False,False,False,False,False,True,False,False,False,False
Vitz,2019,3422003.0,97558,1800,Silver,18,5,Medium Tax Era,High,0,15.045736902340664,Mid (4-7yr),19511.6,Medium,0,0,Medium,3,2,2,3,False,False,False,False,False,False,False,False,True,False,True,False,False,True,False,False,False,False,True,True,True,False,False,False,True,False,False,False,False,False,False,False
Prius,2015,1856098.0,62741,2000,Gold,13,9,Low Tax Era,High,1,14.43398753142297,Old (8-12yr),6971.222222222223,Medium,0,0,Medium,3,1,2,3,False,False,False,False,False,False,False,False,True,False,True,False,False,True,False,False,False,False,True,True,True,False,False,False,False,False,False,True,False,False,False,False
Accord,2018,2380712.0,118157,1800,Black,10,6,Medium Tax Era,High,0,14.682910580614513,Mid (4-7yr),19692.833333333332,High,0,0,Medium,3,2,3,3,False,True,False,False,False,False,False,False,False,False,True,False,False,False,False,False,True,False,False,True,True,False,False,False,False,False,False,False,False,False,False,True
Aqua,2017,2522178.0,81733,1300,White,20,7,Medium Tax Era,High,1,14.740633768404702,Mid (4-7yr),11676.142857142857,Medium,0,1,Small,3,2,2,2,False,False,False,False,False,False,False,False,True,False,True,False,False,True,False,False,False,False,False,False,True,False,True,False,False,False,False,False,False,False,False,False
Civic,2015,1807541.0,41238,1000,White,8,9,Low Tax Era,High,0,14.407478469259615,Old (8-12yr),4582.0,Low,0,0,Small,3,1,1,2,False,True,False,False,False,False,False,False,False,False,True,False,False,False,False,True,False,False,True,False,True,False,False,True,False,False,False,False,False,False,False,False
Swift,2012,710241.0,184139,2000,White,16,12,Low Tax Era,High,1,13.473361036013436,Old (8-12yr),15344.916666666666,Very High,0,0,Medium,3,1,4,3,False,False,False,False,False,False,False,True,False,False,True,False,False,True,False,False,False,False,True,False,True,False,True,False,False,False,False,False,False,False,False,False
Spacia,2015,1218591.0,80000,1000,White,15,9,Low Tax Era,High,0,14.01320665186443,Old (8-12yr),8888.888888888889,Medium,0,0,Small,3,1,2,2,False,False,False,False,False,False,False,True,False,False,True,False,False,False,True,False,False,False,True,True,True,False,True,False,False,False,False,False,False,False,False,False
Accord,2011,830791.0,134895,2000,Brown,24,13,Low Tax Era,Low,0,13.630134741664742,Vintage (13+yr),10376.538461538461,High,0,0,Medium,1,1,3,3,False,True,False,False,False,False,False,False,False,False,False,True,True,False,False,False,False,True,True,True,True,False,False,False,True,False,False,False,False,False,False,False
Alto,2016,1330021.0,94641,0,White,12,8,Medium Tax Era,Very High,1,14.100706041414513,Old (8-12yr),11830.125,Medium,0,0,Micro,4,2,2,1,False,False,False,False,False,False,False,True,False,True,False,False,False,True,False,False,False,False,True,True,True,False,False,False,False,False,False,False,False,False,True,False
